molecule_chembl_ids,canonical_smiles,label,is_hydantoin,fold,molecular_weight,heavy_atom_count,vina_affinity,vina_score,ligand_efficiency,sim_to_train_cluster,prob_rf_cluster,prob_lr_cluster,prob_tanimoto_cluster,prob_rf_lho,prob_lr_lho,prob_tanimoto_lho,rrf_rf_vina_cluster,rrf_lr_vina_cluster,rrf_rf_le_cluster,mpr_rf_vina_cluster,zscore_rf_vina_cluster,rrf_rf_vina_lho,rrf_lr_vina_lho,rrf_rf_le_lho,mpr_rf_vina_lho,zscore_rf_vina_lho
CHEMBL6142943,C=C(C)C(=O)Nc1cc(C(F)(F)F)cc2c(=O)nc(N3CCC4(CC3)OC[C@H](C)O4)sc12,Inactive,False,3,469.49,32,-8.687,8.687,0.2715,0.4066,0.5965,0.4218,0.4066,0.5906,0.0308,0.1717,0.017193,0.016681,0.01509,0.396739,-0.7302,0.018188,0.015551,0.016085,0.467391,-0.216
CHEMBL6092053,C=CC(=O)Nc1cc(C(F)(F)F)cc2c(=O)nc(N3CCC4(CC3)OC[C@H](C)O4)sc12,Inactive,False,3,455.46,31,-8.645,8.645,0.2789,0.4222,0.5908,0.4222,0.4222,0.5659,0.0453,0.1717,0.01676,0.016508,0.015082,0.36413,-0.8403,0.016388,0.01564,0.01471,0.331522,-0.6355
CHEMBL6143491,C=CP(=O)(Nc1cc(C(F)(F)F)cc2c(=O)nc(N3CCC4(CC3)OC[C@H](C)O4)sc12)OCC,Inactive,False,3,519.48,34,-8.149,8.149,0.2397,0.3626,0.5537,0.4188,0.3626,0.5917,0.1071,0.1481,0.014631,0.014449,0.01441,0.168478,-1.9758,0.016191,0.014693,0.01597,0.282609,-1.2174
CHEMBL4442256,CC(=O)CN1C(=O)NC(C)(c2ccc(S(N)(=O)=O)cc2)C1=O,Inactive,True,0,325.35,22,-8.163,8.163,0.371,0.4407,0.7655,0.8117,0.4407,0.4971,0.3634,0.16,0.016418,0.016327,0.026009,0.298913,-0.8171,0.013796,0.016511,0.023386,0.086957,-2.4937
CHEMBL4438483,CC1(c2ccc(C#N)cc2)NC(=O)N(CC(=O)c2ccc(Cl)s2)C1=O,Active,True,4,373.82,25,-8.314,8.314,0.3326,0.7018,0.6617,0.5605,0.7018,0.3816,0.0661,0.2338,0.016149,0.015774,0.022007,0.304348,-1.0865,0.013835,0.014391,0.019694,0.086957,-3.7983
CHEMBL4459122,CC1(c2ccc(C#N)cc2)NC(=O)N(CC(=O)c2ccc(F)c(C(F)(F)F)c2)C1=O,Active,True,0,419.33,30,-10.026,10.026,0.3342,0.5781,0.8124,0.895,0.5781,0.4761,0.431,0.2821,0.025726,0.026151,0.023434,0.777174,2.9547,0.022569,0.025829,0.020278,0.532609,0.738
CHEMBL4542398,CC1(c2ccc(C#N)cc2)NC(=O)N(CC(=O)c2ccc(F)cc2O)C1=O,Active,True,0,367.34,27,-8.746,8.746,0.3239,0.6552,0.8202,0.7978,0.6552,0.4328,0.0671,0.2436,0.019743,0.01878,0.021673,0.559783,0.5771,0.016237,0.01668,0.018166,0.288043,-2.277
CHEMBL4469493,CC1(c2ccc(C#N)cc2)NC(=O)N(CC(=O)c2cccc(F)c2)C1=O,Active,True,0,351.34,26,-8.403,8.403,0.3232,0.6379,0.8015,0.7849,0.6379,0.4199,0.0775,0.2468,0.017267,0.016722,0.02104,0.380435,-0.1711,0.014129,0.014981,0.017903,0.119565,-3.103
CHEMBL4552550,CC1(c2ccc(C#N)cc2)NC(=O)N(CC(=O)c2cccc(OC(F)(F)F)c2)C1=O,Active,True,0,417.34,30,-9.429,9.429,0.3143,0.5873,0.809,0.8671,0.5873,0.4485,0.2911,0.2625,0.023415,0.023514,0.019425,0.711957,1.8079,0.02041,0.022688,0.01642,0.472826,-0.77
CHEMBL4449605,CC1(c2ccc(C#N)cc2)NC(=O)N(CC(=O)c2ccccc2F)C1=O,Active,True,0,351.34,26,-8.401,8.401,0.3231,0.7885,0.8354,0.8044,0.7885,0.4273,0.0769,0.2368,0.01816,0.016841,0.021864,0.423913,0.0063,0.014164,0.01487,0.017868,0.125,-3.0045
CHEMBL4563250,CC1(c2ccc(C#N)cc2)NC(=O)N(CC(=O)c2cccnc2)C1=O,Inactive,True,0,334.34,25,-8.258,8.258,0.3303,0.6491,0.7578,0.6898,0.6491,0.4062,0.0366,0.2179,0.016476,0.015814,0.022092,0.315217,-0.6787,0.013621,0.013845,0.019237,0.065217,-3.5651
CHEMBL4551889,CC1(c2ccc(C#N)cc2)NC(=O)N(CC(=O)c2ccncc2)C1=O,Inactive,True,0,334.34,25,-8.504,8.504,0.3402,0.6667,0.8092,0.7102,0.6667,0.444,0.0355,0.2297,0.018065,0.016914,0.023889,0.445652,0.0606,0.014914,0.014821,0.020738,0.195652,-2.5805
CHEMBL4529776,CC1(c2ccc(C(=O)O)cc2)NC(=O)N(CC(=O)c2ccc(F)cc2F)C1=O,Inactive,True,0,388.33,28,-8.253,8.253,0.2948,0.6349,0.8803,0.9109,0.6349,0.6253,0.3953,0.2162,0.02165,0.018572,0.022339,0.51087,-0.0337,0.018993,0.016944,0.019682,0.429348,-0.5589
CHEMBL4456756,CC1(c2ccc(CS(C)(=O)=O)cc2)NC(=O)N(CC(=O)c2ccc(F)cc2F)C1=O,Active,True,0,436.44,30,-8.524,8.524,0.2841,0.597,0.8767,0.9198,0.597,0.5693,0.4939,0.2051,0.02255,0.020764,0.021532,0.625,0.4596,0.016138,0.018903,0.01512,0.315217,-0.8174
CHEMBL4567438,CC1(c2ccc(NS(=O)(=O)c3ccccc3)cc2)NC(=O)N(CC(=O)c2ccc(F)cc2F)C1=O,Active,True,0,499.5,35,-9.761,9.761,0.2789,0.5479,0.8541,0.9504,0.5479,0.6289,0.5348,0.1915,0.02642,0.029418,0.018512,0.826087,2.6766,0.027195,0.02642,0.019287,0.855978,2.3419
CHEMBL4592974,CC1(c2ccc(S(=O)(=O)N3CCOCC3)cc2)NC(=O)N(CC(=O)c2ccc(F)cc2F)C1=O,Inactive,True,0,493.49,34,-8.739,8.739,0.257,0.5833,0.8774,0.9089,0.5833,0.6471,0.6357,0.2326,0.023839,0.02084,0.021115,0.706522,0.8696,0.022859,0.023235,0.020136,0.679348,0.6611
CHEMBL4514991,CC1(c2ccc(S(=O)(=O)NCC(F)(F)F)cc2)NC(=O)N(CC(=O)c2ccc(F)cc2F)C1=O,Inactive,True,0,505.42,34,-8.955,8.955,0.2634,0.5479,0.888,0.9609,0.5479,0.6207,0.8887,0.2048,0.026023,0.026023,0.022096,0.798913,1.3344,0.021749,0.026263,0.017823,0.663043,0.7058
CHEMBL4434826,CC1(c2ccc(S(=O)(=O)Nc3ccccc3)cc2)NC(=O)N(CC(=O)c2ccc(F)cc2F)C1=O,Inactive,True,0,499.5,35,-9.535,9.535,0.2724,0.5479,0.8594,0.9547,0.5479,0.6289,0.5941,0.1915,0.026754,0.029412,0.018945,0.842391,2.2779,0.026976,0.028039,0.019166,0.850543,1.9148
CHEMBL4460878,CC1(c2ccc(S(N)(=O)=O)cc2)NC(=O)N(CC(=O)C2CC2)C1=O,Inactive,True,0,351.38,24,-8.219,8.219,0.3425,0.4154,0.7598,0.7556,0.4154,0.5675,0.2659,0.1646,0.016373,0.015858,0.02381,0.298913,-0.7419,0.014601,0.015858,0.022038,0.168478,-1.4179
CHEMBL4590127,CC1(c2ccc(S(N)(=O)=O)cc2)NC(=O)N(CC(=O)C2CCCCC2)C1=O,Active,True,0,393.47,27,-8.438,8.438,0.3125,0.3881,0.724,0.7379,0.3881,0.5893,0.0663,0.1875,0.016843,0.016681,0.018437,0.36413,-0.5193,0.016843,0.014895,0.018437,0.36413,-0.7038
CHEMBL4462626,CC1(c2ccc(S(N)(=O)=O)cc2)NC(=O)N(CC(=O)c2ccc(C(F)(F)F)cc2)C1=O,Active,True,0,455.41,31,-9.485,9.485,0.306,0.4179,0.8569,0.947,0.4179,0.6334,0.7844,0.2361,0.025849,0.028169,0.020614,0.815217,2.1697,0.027072,0.02901,0.021837,0.858696,1.8822
CHEMBL4460821,CC1(c2ccc(S(N)(=O)=O)cc2)NC(=O)N(CC(=O)c2ccc(Cl)cc2Cl)C1=O,Active,True,0,456.31,29,-9.321,9.321,0.3214,0.4615,0.8612,0.9042,0.4615,0.6134,0.5087,0.1772,0.025833,0.024444,0.023026,0.820652,1.8829,0.023972,0.024322,0.021165,0.744565,1.2964
CHEMBL4459602,CC1(c2ccc(S(N)(=O)=O)cc2)NC(=O)N(CC(=O)c2ccc(Cl)s2)C1=O,Active,True,0,427.89,27,-7.98,7.98,0.2956,0.7018,0.8861,0.904,0.7018,0.569,0.5394,0.1548,0.021504,0.017568,0.022738,0.472826,-0.5184,0.014391,0.018207,0.015625,0.141304,-1.8489
CHEMBL4557069,CC1(c2ccc(S(N)(=O)=O)cc2)NC(=O)N(CC(=O)c2ccc(F)c(C(F)(F)F)c2)C1=O,Active,True,0,473.4,32,-9.181,9.181,0.2869,0.3973,0.8702,0.9612,0.3973,0.6463,0.9261,0.1932,0.025504,0.027971,0.020565,0.809783,1.6664,0.025679,0.028739,0.020741,0.815217,1.4855
CHEMBL4441924,CC1(c2ccc(S(N)(=O)=O)cc2)NC(=O)N(CC(=O)c2ccc(F)c(Cl)c2)C1=O,Active,True,0,439.85,29,-9.228,9.228,0.3182,0.4286,0.876,0.9158,0.4286,0.6227,0.6531,0.1765,0.026585,0.024695,0.024186,0.842391,1.7864,0.023994,0.026585,0.021595,0.755435,1.2494
CHEMBL4593173,CC1(c2ccc(S(N)(=O)=O)cc2)NC(=O)N(CC(=O)c2ccc(F)c(F)c2)C1=O,Active,True,0,423.4,29,-8.653,8.653,0.2984,0.4189,0.8744,0.9285,0.4189,0.6197,0.6761,0.1818,0.022285,0.022105,0.021644,0.641304,0.6911,0.019761,0.023058,0.019119,0.548913,0.1202
CHEMBL4566455,CC1(c2ccc(S(N)(=O)=O)cc2)NC(=O)N(CC(=O)c2ccc(F)cc2)C1=O,Active,True,0,405.41,28,-8.41,8.41,0.3004,0.4375,0.8314,0.8758,0.4375,0.5748,0.2023,0.1867,0.018157,0.01762,0.019006,0.429348,0.002,0.015783,0.016139,0.016633,0.282609,-0.9574
CHEMBL4441087,CC1(c2ccc(S(N)(=O)=O)cc2)NC(=O)N(CC(=O)c2ccc(F)cc2F)C1=O,Active,True,0,423.4,29,-8.712,8.712,0.3004,0.6061,0.8898,0.9304,0.6061,0.6298,0.5972,0.1798,0.025007,0.023052,0.024116,0.730978,0.8849,0.021838,0.022865,0.020947,0.644022,0.3714
CHEMBL4554896,CC1(c2ccc(S(N)(=O)=O)cc2)NC(=O)N(CC(=O)c2ccc(F)cc2O)C1=O,Active,True,0,421.41,29,-8.632,8.632,0.2977,0.5143,0.8758,0.9197,0.5143,0.6077,0.5431,0.1772,0.022436,0.020893,0.021953,0.63587,0.659,0.018351,0.020452,0.017868,0.472826,-0.0835
CHEMBL4444064,CC1(c2ccc(S(N)(=O)=O)cc2)NC(=O)N(CC(=O)c2ccc3ccccc3c2)C1=O,Active,True,0,437.48,31,-9.959,9.959,0.3213,0.4545,0.8536,0.9292,0.4545,0.6131,0.5597,0.1807,0.026748,0.028898,0.02178,0.831522,3.0482,0.025801,0.027433,0.020833,0.788043,2.4979
CHEMBL4594022,CC1(c2ccc(S(N)(=O)=O)cc2)NC(=O)N(CC(=O)c2cccc(Br)c2)C1=O,Active,True,0,466.31,28,-8.302,8.302,0.2965,0.4328,0.8584,0.8998,0.4328,0.58,0.5119,0.1667,0.019099,0.017833,0.019779,0.451087,-0.0579,0.015741,0.01843,0.016421,0.271739,-1.0887
CHEMBL4438645,CC1(c2ccc(S(N)(=O)=O)cc2)NC(=O)N(CC(=O)c2cccc(C(F)(F)F)c2)C1=O,Active,True,0,455.41,31,-8.755,8.755,0.2824,0.4203,0.8754,0.9591,0.4203,0.6584,0.9221,0.2267,0.023314,0.024767,0.020841,0.701087,0.8891,0.023504,0.025744,0.021032,0.706522,0.8457
CHEMBL4464865,CC1(c2ccc(S(N)(=O)=O)cc2)NC(=O)N(CC(=O)c2cccc(F)c2)C1=O,Active,True,0,405.41,28,-8.488,8.488,0.3031,0.4328,0.8669,0.9138,0.4328,0.593,0.5815,0.1667,0.020987,0.019905,0.021608,0.565217,0.339,0.017524,0.020987,0.018144,0.413043,-0.5593
CHEMBL4468599,CC1(c2ccc(S(N)(=O)=O)cc2)NC(=O)N(CC(=O)c2cccc(OC(F)(F)F)c2)C1=O,Active,True,0,471.41,32,-8.578,8.578,0.2681,0.4167,0.8606,0.9499,0.4167,0.59,0.8717,0.1839,0.020679,0.022619,0.019102,0.570652,0.4755,0.017508,0.023718,0.015931,0.418478,-0.4302
CHEMBL4467801,CC1(c2ccc(S(N)(=O)=O)cc2)NC(=O)N(CC(=O)c2ccccc2)C1=O,Active,True,0,387.42,27,-8.698,8.698,0.3221,0.5,0.8598,0.9036,0.5,0.5858,0.5108,0.1795,0.021286,0.01996,0.022948,0.619565,0.6981,0.0181,0.020202,0.019762,0.461957,-0.2614
CHEMBL4443878,CC1(c2ccc(S(N)(=O)=O)cc2)NC(=O)N(CC(=O)c2ccccc2C(F)(F)F)C1=O,Active,True,0,455.41,31,-8.81,8.81,0.2842,0.5156,0.8865,0.9588,0.5156,0.6099,0.8911,0.1667,0.025152,0.024925,0.022451,0.76087,1.0523,0.02,0.025873,0.017299,0.576087,0.2827
CHEMBL4571645,CC1(c2ccc(S(N)(=O)=O)cc2)NC(=O)N(CC(=O)c2ccccc2F)C1=O,Active,True,0,405.41,28,-8.976,8.976,0.3206,0.541,0.8924,0.9227,0.541,0.5913,0.5794,0.1707,0.027146,0.023573,0.026703,0.826087,1.3976,0.020098,0.023573,0.019655,0.576087,0.3403
CHEMBL4476058,CC1(c2ccc(S(N)(=O)=O)cc2)NC(=O)N(CC(=O)c2ccccn2)C1=O,Active,True,0,388.41,27,-8.512,8.512,0.3153,0.4688,0.8146,0.8353,0.4688,0.5704,0.2328,0.1566,0.018334,0.018031,0.019913,0.461957,0.1048,0.016067,0.016902,0.017645,0.309783,-0.8251
CHEMBL4552639,CC1(c2ccc(S(N)(=O)=O)cc2)NC(=O)N(CC(=O)c2cccs2)C1=O,Active,True,0,393.45,26,-8.243,8.243,0.317,0.4769,0.85,0.876,0.4769,0.5481,0.4691,0.2,0.018133,0.017101,0.021236,0.391304,-0.2144,0.014196,0.017313,0.017299,0.130435,-1.6398
CHEMBL4453781,CC1(c2ccc(S(N)(=O)=O)cc2)NC(=O)N(CC(=O)c2nc3ccccc3s2)C1=O,Active,True,0,444.49,30,-9.249,9.249,0.3083,0.4412,0.8283,0.9242,0.4412,0.6012,0.8082,0.3026,0.02332,0.02589,0.019508,0.720109,1.5708,0.022612,0.028055,0.0188,0.682065,0.9918
CHEMBL4452592,CC1(c2ccc(S(N)(=O)=O)cc2)NC(=O)N(CC(=O)c2ncc(F)cc2F)C1=O,Active,True,0,424.39,29,-9.01,9.01,0.3107,0.4459,0.8406,0.9154,0.4459,0.61,0.7149,0.175,0.021859,0.023037,0.020044,0.668478,1.1849,0.02109,0.025482,0.019275,0.630435,0.6626
CHEMBL4462807,CC1(c2ccc(S(N)(=O)=O)cc2)NC(=O)N(CC(=O)c2nccs2)C1=O,Active,True,0,394.43,26,-8.002,8.002,0.3078,0.4265,0.8309,0.8314,0.4265,0.5717,0.3807,0.1975,0.017149,0.016331,0.019535,0.326087,-0.772,0.014623,0.016524,0.017009,0.163043,-1.7708
CHEMBL4455316,CC1(c2ccc3c(c2)NC(=O)CO3)NC(=O)N(CC(=O)c2ccc(F)cc2F)C1=O,Active,True,3,415.35,30,-9.155,9.155,0.3052,0.6349,0.5554,0.5681,0.6061,0.6143,0.5757,0.1809,0.019841,0.020452,0.016632,0.521739,-0.0652,0.022657,0.024405,0.019448,0.701087,0.9952
CHEMBL5171896,CCOC(=O)NC(=O)c1ccsc1NC(=O)c1ccc(C#N)cc1,Inactive,False,1,343.36,24,-7.925,7.925,0.3302,0.75,0.511,0.2178,0.4915,0.6133,0.1475,0.2676,0.01417,0.013578,0.020056,0.119565,-2.6272,0.017062,0.014733,0.022949,0.315217,-1.3431
CHEMBL5174140,CCOC(=O)NC(=O)c1ccsc1NC(=O)c1ccc(C#N)cn1,Inactive,False,1,344.35,24,-8.42,8.42,0.3508,0.7679,0.3802,0.0885,0.3731,0.5992,0.0863,0.2533,0.014333,0.014198,0.022141,0.141304,-2.3909,0.017191,0.015328,0.025,0.380435,-0.6023
CHEMBL4858566,CCOC(=O)NC(=O)c1ccsc1NC(=O)c1ccc(C(=O)N2CCCCC2)c(F)c1,Active,False,1,447.49,31,-9.144,9.144,0.295,0.8276,0.7245,0.9626,0.8276,0.5376,0.0822,0.2353,0.020939,0.027638,0.016867,0.608696,0.8179,0.018959,0.019398,0.014887,0.445652,-0.082
CHEMBL4873922,CCOC(=O)NC(=O)c1ccsc1NC(=O)c1ccc(C(=O)N2CCCCC2)cc1,Active,False,1,429.5,30,-8.487,8.487,0.2829,0.8039,0.7397,0.8805,0.8039,0.5816,0.0672,0.1667,0.017196,0.018246,0.016454,0.391304,-0.343,0.016632,0.015236,0.01589,0.353261,-0.7178
CHEMBL4877637,CCOC(=O)NC(=O)c1ccsc1NC(=O)c1ccc(C(=O)N2CCCCC2)s1,Active,False,1,435.53,29,-8.1,8.1,0.2793,0.5932,0.6543,0.9714,0.5932,0.5768,0.1261,0.1667,0.015439,0.02306,0.015864,0.228261,-1.5309,0.01507,0.014731,0.015496,0.201087,-1.5153
CHEMBL5184622,CCOC(=O)NC(=O)c1ccsc1NC(=O)c1ccc(C(C)=O)cc1,Inactive,False,1,360.39,25,-8.132,8.132,0.3253,0.5536,0.6244,0.0521,0.5273,0.5806,0.0518,0.1688,0.015258,0.01329,0.020452,0.217391,-1.6298,0.015332,0.013704,0.020525,0.222826,-1.4025
CHEMBL4475286,CCOC(=O)NC(=O)c1ccsc1NC(=O)c1ccn2cnnc2c1,Active,False,1,359.37,25,-8.849,8.849,0.354,0.6462,0.6433,0.2348,0.6462,0.6095,0.0312,0.1724,0.01893,0.017504,0.024494,0.505435,-0.1737,0.02021,0.016976,0.025774,0.586957,0.3511
CHEMBL3262462,CCOC(=O)NC(=O)c1ccsc1NC(=O)c1nc2ccccc2s1,Active,False,1,375.43,25,-8.254,8.254,0.3302,0.403,0.5947,0.7759,0.3788,0.6766,0.2408,0.3026,0.01519,0.016084,0.020619,0.222826,-1.5581,0.021918,0.015922,0.027348,0.521739,0.1504
CHEMBL4447540,CCOC(=O)NC(=O)c1ccsc1NC(=O)c1nc2cnccc2s1,Active,False,1,376.42,25,-8.52,8.52,0.3408,0.3973,0.4796,0.0339,0.3571,0.5346,0.0224,0.2262,0.015604,0.014733,0.021492,0.266304,-1.6705,0.015289,0.014776,0.021177,0.233696,-1.3029
CHEMBL4453294,CCOc1ccc(CNc2nc3cc(C(F)(F)F)ccc3nc2C(=O)O)cc1,Active,False,3,391.35,28,-8.824,8.824,0.3151,0.2169,0.4989,0.4681,0.2169,0.7279,0.5736,0.2169,0.01778,0.018269,0.017191,0.413043,-0.9931,0.026077,0.02255,0.025488,0.788043,1.9335
CHEMBL3109797,CCc1nc2cc(Cl)ccn2c1C(=O)NCc1ccc(N2CCN(c3ccc(F)cc3)CC2)cc1,Inactive,False,4,492.0,35,-9.504,9.504,0.2715,0.2564,0.6823,0.6619,0.2564,0.696,0.7721,0.2045,0.023421,0.023188,0.015755,0.679348,1.2724,0.029644,0.029199,0.021977,0.929348,2.7798
CHEMBL4740005,CNC(=O)/C=C/c1cc(C(F)(F)F)cc2c(=O)nc(N3CCN(CC4CCCCC4)CC3)sc12,Active,False,2,494.58,34,-8.815,8.815,0.2593,0.4222,0.4158,0.2142,0.1954,0.612,0.1614,0.1837,0.017045,0.016998,0.013611,0.342391,-1.454,0.020305,0.018504,0.016871,0.592391,0.3206
CHEMBL4445241,CNS(=O)(=O)c1ccc(C2(C)NC(=O)N(CC(=O)c3ccc(F)cc3F)C2=O)cc1,Active,True,0,437.42,30,-8.759,8.759,0.292,0.5882,0.8743,0.9278,0.5882,0.5834,0.5772,0.1889,0.023042,0.022867,0.020852,0.695652,0.891,0.018558,0.022367,0.016368,0.48913,-0.1786
CHEMBL4752208,COC(=O)C#Cc1cc(C(F)(F)F)cc2c(=O)nc(N3CCN(CC4CCCCC4)CC3)sc12,Active,False,2,493.55,34,-9.465,9.465,0.2784,0.3913,0.4328,0.2152,0.2065,0.6599,0.2862,0.1959,0.020791,0.020643,0.014037,0.5,-0.1351,0.027783,0.02279,0.021029,0.880435,2.2085
CHEMBL4848357,COC(=O)NC(=O)c1ccsc1NC(=O)c1ccc(C(=O)N2CCCCC2)c(F)c1,Active,False,4,433.46,30,-9.018,9.018,0.3006,0.8276,0.7398,0.3787,0.8276,0.5467,0.0862,0.2469,0.020582,0.018643,0.01782,0.597826,0.6612,0.018482,0.018928,0.015721,0.429348,-0.194
CHEMBL4865471,COC(=O)NC(=O)c1ccsc1NC(=O)c1ccc(C(=O)N2CCCCC2)cc1,Active,False,4,415.47,29,-8.768,8.768,0.3023,0.8039,0.6064,0.4034,0.8039,0.5729,0.0705,0.175,0.018207,0.017323,0.01695,0.461957,-0.5242,0.017868,0.017157,0.016612,0.434783,-0.3069
CHEMBL5185220,COC(=O)NC(=O)c1ccsc1NC(=O)c1ccc(S(=O)(=O)N2CCCCC2)cc1,Active,False,4,451.53,30,-8.858,8.858,0.2953,0.5738,0.4666,0.4164,0.5738,0.5355,0.0965,0.2,0.01777,0.01805,0.015105,0.402174,-1.1013,0.01756,0.018229,0.014895,0.380435,-0.651
CHEMBL4557558,COC(=O)c1ccc(C2(C)NC(=O)N(CC(=O)c3ccc(F)cc3F)C2=O)cc1,Active,True,0,402.35,29,-8.677,8.677,0.2992,0.6061,0.8616,0.9089,0.6061,0.5818,0.4227,0.2469,0.021508,0.020213,0.020855,0.619565,0.668,0.017621,0.018951,0.016969,0.429348,-0.3551
CHEMBL4471399,COc1ccc(C(=O)CN2C(=O)NC(C)(c3ccc(S(N)(=O)=O)cc3)C2=O)cc1,Active,True,0,417.44,29,-8.47,8.47,0.2921,0.4242,0.8411,0.9035,0.4242,0.5557,0.3799,0.2179,0.018863,0.018627,0.018565,0.478261,0.1673,0.015393,0.017678,0.015095,0.25,-1.1068
CHEMBL1976041,COc1ccc(CNc2nc3cc(C(F)(F)F)ccc3nc2C(=O)O)cc1,Active,False,3,377.32,27,-8.888,8.888,0.3292,0.2222,0.5571,0.4929,0.2222,0.7514,0.5932,0.2222,0.018526,0.018791,0.020195,0.467391,-0.5607,0.02692,0.023684,0.028589,0.815217,2.3784
CHEMBL4444439,COc1ccc(CNc2nc3cc(C(F)(F)F)ccc3nc2C(=O)O)cc1F,Active,False,3,395.31,28,-9.086,9.086,0.3245,0.2118,0.5465,0.4883,0.2118,0.6671,0.4984,0.2118,0.019241,0.019625,0.01944,0.491848,-0.2432,0.025714,0.022181,0.025914,0.807065,1.5912
CHEMBL4515427,COc1cccc(C(=O)CN2C(=O)NC(C)(c3ccc(S(N)(=O)=O)cc3)C2=O)c1,Active,True,0,417.44,29,-8.282,8.282,0.2856,0.4412,0.8566,0.9075,0.4412,0.5484,0.5317,0.1928,0.01872,0.018328,0.018981,0.429348,-0.1053,0.014445,0.018456,0.014706,0.157609,-1.5624
CHEMBL6134588,C[C@H]1COC2(CCN(c3nc(=O)c4cc(C(F)(F)F)cc(NC(=O)C(C)(C)Br)c4s3)CC2)O1,Inactive,False,3,550.4,33,-8.437,8.437,0.2557,0.4066,0.5941,0.4435,0.4066,0.579,0.0798,0.1717,0.015822,0.015629,0.014709,0.288043,-1.2156,0.016167,0.015268,0.015054,0.315217,-0.8474
CHEMBL4439876,C[C@]1(c2ccc(S(N)(=O)=O)cc2)NC(=O)N(CC(=O)c2ccc(F)cc2F)C1=O,Active,True,0,423.4,29,-8.697,8.697,0.2999,0.6061,0.8898,0.9304,0.6061,0.6298,0.5972,0.1798,0.024757,0.022802,0.024012,0.714674,0.8565,0.021588,0.022614,0.020843,0.627717,0.343
CHEMBL4437244,Cc1c(CCC(=O)N2CCCC2)c(=O)n2c([nH]c3ccccc32)c1C#N,Active,False,4,348.41,26,-9.232,9.232,0.3551,0.2073,0.5163,0.3982,0.2073,0.5741,0.3436,0.225,0.020351,0.020121,0.023821,0.527174,-0.129,0.020788,0.022182,0.024259,0.565217,0.5868
CHEMBL4467330,Cc1ccc(C(=O)CN2C(=O)NC(C)(c3ccc(S(N)(=O)=O)cc3)C2=O)cc1,Active,True,0,401.44,28,-8.754,8.754,0.3126,0.4677,0.8412,0.8941,0.4677,0.5638,0.3314,0.1772,0.020635,0.01994,0.020545,0.603261,0.7043,0.017157,0.01887,0.017068,0.380435,-0.4582
CHEMBL4550592,Cc1cccc(C(=O)CN2C(=O)NC(C)(c3ccc(C#N)cc3)C2=O)c1,Active,True,0,347.37,26,-8.775,8.775,0.3375,0.6786,0.7944,0.7787,0.6786,0.4158,0.0735,0.2338,0.01961,0.019075,0.023222,0.554348,0.494,0.016524,0.017308,0.020136,0.293478,-2.4562
CHEMBL4454189,Cc1cccc(C(=O)CN2C(=O)NC(C)(c3ccc(S(N)(=O)=O)cc3)C2=O)c1,Active,True,0,401.44,28,-8.31,8.31,0.2968,0.4615,0.8621,0.9109,0.4615,0.5753,0.5673,0.1687,0.020067,0.019011,0.020757,0.48913,-0.0229,0.01558,0.019441,0.01627,0.26087,-1.1385
CHEMBL4514109,Cc1ccccc1C(=O)CN1C(=O)NC(C)(c2ccc(C#N)cc2)C1=O,Active,True,4,347.37,26,-8.435,8.435,0.3244,0.7885,0.7118,0.5799,0.7885,0.4218,0.0664,0.225,0.016643,0.016254,0.020503,0.347826,-0.5899,0.014345,0.014828,0.018206,0.141304,-3.0161
CHEMBL4471280,Cc1ccccc1C(=O)CN1C(=O)NC(C)(c2ccc(S(N)(=O)=O)cc2)C1=O,Active,True,0,401.44,28,-9.003,9.003,0.3215,0.6909,0.8901,0.9202,0.6909,0.5741,0.5407,0.175,0.026999,0.023528,0.026767,0.826087,1.4363,0.019066,0.022634,0.018835,0.5,0.155
CHEMBL4453252,Cc1ccnc(NC(=O)c2ccsc2NC(=O)c2ccn3cnnc3c2)n1,Active,False,3,379.41,27,-9.289,9.289,0.344,0.6462,0.6509,0.4111,0.6462,0.6699,0.2322,0.1818,0.021854,0.020734,0.023402,0.625,0.6982,0.027864,0.021854,0.029412,0.880435,2.0134
CHEMBL4749411,N#CCCc1cc(C(F)(F)F)cc2c(=O)nc(N3CCN(CC4CCCCC4)CC3)sc12,Inactive,False,2,464.56,32,-9.797,9.797,0.3062,0.3516,0.3867,0.2003,0.1778,0.6228,0.1336,0.1667,0.021954,0.021954,0.015731,0.505435,0.2463,0.026779,0.023282,0.020556,0.836957,2.3249
CHEMBL5204853,N#Cc1ccc(C(=O)Nc2sccc2C(=O)NC(=O)OCC2CC2)cc1,Inactive,False,4,369.4,26,-8.454,8.454,0.3252,0.75,0.2492,0.3473,0.5806,0.5607,0.0631,0.2237,0.014391,0.015165,0.018344,0.141304,-3.0269,0.015388,0.014855,0.01934,0.25,-1.0672
CHEMBL5172070,N#Cc1ccc(C(=O)Nc2sccc2C(=O)NC(=O)OCC2CC2)nc1,Inactive,False,4,370.39,26,-8.594,8.594,0.3305,0.7679,0.2212,0.2921,0.5692,0.5518,0.0355,0.2125,0.014939,0.015703,0.019356,0.184783,-2.9119,0.015811,0.015115,0.020228,0.282609,-0.9263
CHEMBL4569953,N#Cc1ccc(CNc2nc3cc(C(F)(F)F)ccc3nc2C(=O)O)cc1,Active,False,3,372.31,27,-9.249,9.249,0.3426,0.2821,0.4497,0.4277,0.2821,0.6982,0.4906,0.2821,0.02015,0.020777,0.021739,0.491848,-0.4528,0.028288,0.02343,0.029877,0.888587,2.3282
CHEMBL4781643,N#Cc1ncc2c(=O)nc(N3CCN(CC4CCCCC4)CC3)sc2n1,Inactive,False,2,370.48,26,-8.63,8.63,0.3319,0.2128,0.3629,0.1691,0.1705,0.5074,0.0425,0.1687,0.015097,0.015186,0.01961,0.201087,-2.0868,0.015517,0.015371,0.020029,0.25,-1.469
CHEMBL4763381,NC(=O)/C=C/c1cc(C(F)(F)F)cc2c(=O)nc(N3CCN(CC4CCCCC4)CC3)sc12,Active,False,2,480.56,33,-10.085,10.085,0.3056,0.3889,0.4377,0.229,0.1895,0.6437,0.1625,0.1895,0.023323,0.023272,0.015966,0.570652,1.0633,0.029287,0.024604,0.02193,0.913043,3.1574
CHEMBL4760909,NC(=O)CCc1cc(C(F)(F)F)cc2c(=O)nc(N3CCN(CC4CCCCC4)CC3)sc12,Inactive,False,2,482.57,33,-10.643,10.643,0.3225,0.3778,0.4255,0.2229,0.1915,0.6233,0.103,0.1915,0.023386,0.023486,0.017982,0.554348,2.0523,0.028158,0.024267,0.022754,0.869565,3.9311
CHEMBL5205539,O=C(NC(=O)c1ccsc1NC(=O)c1nc2ccccc2s1)OC1CCC1,Inactive,False,1,401.47,27,-9.116,9.116,0.3376,0.3857,0.5382,0.8225,0.3824,0.6242,0.1612,0.2593,0.01938,0.021243,0.021451,0.494565,-0.231,0.023533,0.019961,0.025603,0.73913,1.0576
CHEMBL5180878,O=C(NC(=O)c1ccsc1NC(=O)c1nc2ccccc2s1)OCC1CC1,Active,False,1,401.47,27,-8.704,8.704,0.3224,0.5806,0.3964,0.0892,0.3571,0.6127,0.11,0.2716,0.016024,0.015841,0.017719,0.277174,-1.7675,0.019484,0.017174,0.021179,0.543478,0.1211
CHEMBL5197700,O=C(NC(=O)c1ccsc1NC(=O)c1nc2ccccc2s1)OCC1CCC1,Active,False,1,415.5,28,-8.331,8.331,0.2975,0.5385,0.4077,0.2856,0.3662,0.6161,0.153,0.2805,0.014249,0.014599,0.014897,0.13587,-2.4121,0.018223,0.015617,0.01887,0.423913,-0.538
CHEMBL5205192,O=C(NC(=O)c1ccsc1NC(=O)c1nc2ccccc2s1)OCC1CCCC1,Inactive,False,1,429.52,29,-9.015,9.015,0.3109,0.5385,0.4298,0.8345,0.3662,0.6224,0.3516,0.2805,0.018153,0.020915,0.016302,0.402174,-1.0014,0.022411,0.020726,0.020559,0.692935,0.842
CHEMBL5172812,O=C(NC(=O)c1ccsc1NC(=O)c1nc2ccccc2s1)OCC1CCCCC1,Inactive,False,1,443.55,30,-9.49,9.49,0.3163,0.5303,0.434,0.9696,0.3803,0.6224,0.5,0.2771,0.021429,0.030415,0.016947,0.521739,-0.081,0.025585,0.025155,0.021103,0.80163,1.7397
CHEMBL4857182,O=C(Nc1sccc1C(=O)Nc1nccc(C(F)(F)F)n1)c1ccc(C(=O)N2CCCCC2)cc1,Active,False,4,503.51,35,-10.079,10.079,0.288,0.5373,0.6096,0.5298,0.5373,0.6566,0.2339,0.1954,0.024348,0.024276,0.015937,0.679348,1.9708,0.029572,0.024723,0.021161,0.923913,3.3245
CHEMBL4574762,O=C(Nc1sccc1C(=O)Nc1ncccn1)c1nc2cnccc2s1,Inactive,False,1,382.43,26,-8.296,8.296,0.3191,0.3784,0.6062,0.2158,0.3784,0.5846,0.0214,0.2073,0.015476,0.014136,0.018537,0.25,-1.4174,0.016071,0.013679,0.019133,0.293478,-1.0378
CHEMBL4576609,O=C(O)c1nc2ccc(C(F)(F)F)cc2nc1NCc1ccc(C(F)(F)F)cc1,Active,False,3,415.29,29,-9.478,9.478,0.3268,0.2361,0.4811,0.5157,0.2361,0.6676,0.334,0.2361,0.021352,0.022222,0.019511,0.543478,0.1479,0.028382,0.023323,0.026541,0.896739,2.3397
CHEMBL4591732,O=C(O)c1nc2ccc(C(F)(F)F)cc2nc1NCc1ccc(Cl)cc1,Active,False,3,381.74,26,-9.086,9.086,0.3495,0.2375,0.4869,0.4701,0.2152,0.7418,0.4682,0.2152,0.018947,0.019559,0.02267,0.464674,-0.5619,0.027558,0.021738,0.031281,0.850543,2.6197
CHEMBL1973996,O=C(O)c1nc2ccc(C(F)(F)F)cc2nc1NCc1ccc(F)cc1,Active,False,3,365.29,26,-9.166,9.166,0.3525,0.2564,0.4635,0.4451,0.2179,0.7164,0.298,0.2179,0.019347,0.020048,0.022924,0.467391,-0.536,0.027673,0.021307,0.03125,0.86413,2.4219
CHEMBL4798070,O=c1nc(N2CCN(CC3CCCCC3)CC2)sc2c(Cl)cc(C(F)(F)F)cc12,Active,False,2,445.94,29,-9.176,9.176,0.3164,0.381,0.3784,0.212,0.1852,0.6327,0.202,0.1685,0.018907,0.019044,0.016612,0.407609,-0.9719,0.025016,0.020742,0.022722,0.793478,1.2888
CHEMBL4756702,O=c1nc(N2CCN(CC3CCCCC3)CC2)sc2nc(Cl)ncc12,Inactive,False,2,379.92,25,-8.638,8.638,0.3455,0.2198,0.3771,0.1786,0.175,0.5555,0.0417,0.175,0.015287,0.015377,0.021592,0.217391,-1.9957,0.016083,0.01547,0.022388,0.304348,-0.792
