canonical_smiles,molecule_chembl_ids,median_pic50,median_nm,relation_summary,label,murcko_scaffold,n_measurements,is_covalent,mechanism_annotation,is_hydantoin,nitro_aromatic_warhead,cluster_id,cluster_fold,random_fold
C=C(C)C(=O)Nc1cc(C(F)(F)F)cc2c(=O)nc(N3CCC4(CC3)OC[C@H](C)O4)sc12,CHEMBL6142943,4.0697,123820.0,=,Inactive,O=c1nc(N2CCC3(CC2)OCCO3)sc2ccccc12,2,False,Non-Covalent,False,False,9,3,1
C=CC(=O)Nc1cc(C(F)(F)F)cc2c(=O)nc(N3CCC4(CC3)OC[C@H](C)O4)sc12,CHEMBL6092053,4.7883,22820.0,=,Inactive,O=c1nc(N2CCC3(CC2)OCCO3)sc2ccccc12,2,False,Non-Covalent,False,False,9,3,4
C=CP(=O)(Nc1cc(C(F)(F)F)cc2c(=O)nc(N3CCC4(CC3)OC[C@H](C)O4)sc12)OCC,CHEMBL6143491,4.7109,19460.0,=,Inactive,O=c1nc(N2CCC3(CC2)OCCO3)sc2ccccc12,1,False,Non-Covalent,False,False,9,3,1
CC(=O)CN1C(=O)NC(C)(c2ccc(S(N)(=O)=O)cc2)C1=O,CHEMBL4442256,4.0,100000.0,=,Inactive,O=C1NC(=O)C(c2ccccc2)N1,1,False,Non-Covalent,True,False,0,0,3
CC1(c2ccc(C#N)cc2)NC(=O)N(CC(=O)c2ccc(Cl)s2)C1=O,CHEMBL4438483,6.3,501.19,=,Active,O=C(CN1C(=O)NC(c2ccccc2)C1=O)c1cccs1,1,False,Non-Covalent,True,False,1,4,1
CC1(c2ccc(C#N)cc2)NC(=O)N(CC(=O)c2ccc(F)c(C(F)(F)F)c2)C1=O,CHEMBL4459122,6.4,398.11,=,Active,O=C(CN1C(=O)NC(c2ccccc2)C1=O)c1ccccc1,1,False,Non-Covalent,True,False,0,0,3
CC1(c2ccc(C#N)cc2)NC(=O)N(CC(=O)c2ccc(F)cc2O)C1=O,CHEMBL4542398,6.2,630.96,=,Active,O=C(CN1C(=O)NC(c2ccccc2)C1=O)c1ccccc1,1,False,Non-Covalent,True,False,0,0,4
CC1(c2ccc(C#N)cc2)NC(=O)N(CC(=O)c2cccc(F)c2)C1=O,CHEMBL4469493,6.1,794.33,=,Active,O=C(CN1C(=O)NC(c2ccccc2)C1=O)c1ccccc1,1,False,Non-Covalent,True,False,0,0,3
CC1(c2ccc(C#N)cc2)NC(=O)N(CC(=O)c2cccc(OC(F)(F)F)c2)C1=O,CHEMBL4552550,6.2,630.96,=,Active,O=C(CN1C(=O)NC(c2ccccc2)C1=O)c1ccccc1,1,False,Non-Covalent,True,False,0,0,3
CC1(c2ccc(C#N)cc2)NC(=O)N(CC(=O)c2ccccc2F)C1=O,CHEMBL4449605,6.1,794.33,=,Active,O=C(CN1C(=O)NC(c2ccccc2)C1=O)c1ccccc1,1,False,Non-Covalent,True,False,0,0,2
CC1(c2ccc(C#N)cc2)NC(=O)N(CC(=O)c2cccnc2)C1=O,CHEMBL4563250,4.6,25118.86,=,Inactive,O=C(CN1C(=O)NC(c2ccccc2)C1=O)c1cccnc1,1,False,Non-Covalent,True,False,0,0,0
CC1(c2ccc(C#N)cc2)NC(=O)N(CC(=O)c2ccncc2)C1=O,CHEMBL4551889,4.6,25118.86,=,Inactive,O=C(CN1C(=O)NC(c2ccccc2)C1=O)c1ccncc1,1,False,Non-Covalent,True,False,0,0,2
CC1(c2ccc(C(=O)O)cc2)NC(=O)N(CC(=O)c2ccc(F)cc2F)C1=O,CHEMBL4529776,4.1,79432.82,=,Inactive,O=C(CN1C(=O)NC(c2ccccc2)C1=O)c1ccccc1,1,False,Non-Covalent,True,False,0,0,2
CC1(c2ccc(CS(C)(=O)=O)cc2)NC(=O)N(CC(=O)c2ccc(F)cc2F)C1=O,CHEMBL4456756,6.2,630.96,=,Active,O=C(CN1C(=O)NC(c2ccccc2)C1=O)c1ccccc1,1,False,Non-Covalent,True,False,0,0,1
CC1(c2ccc(NS(=O)(=O)c3ccccc3)cc2)NC(=O)N(CC(=O)c2ccc(F)cc2F)C1=O,CHEMBL4567438,6.4,398.11,=,Active,O=C(CN1C(=O)NC(c2ccc(NS(=O)(=O)c3ccccc3)cc2)C1=O)c1ccccc1,1,False,Non-Covalent,True,False,0,0,4
CC1(c2ccc(S(=O)(=O)N3CCOCC3)cc2)NC(=O)N(CC(=O)c2ccc(F)cc2F)C1=O,CHEMBL4592974,4.9,12589.25,=,Inactive,O=C(CN1C(=O)NC(c2ccc(S(=O)(=O)N3CCOCC3)cc2)C1=O)c1ccccc1,1,False,Non-Covalent,True,False,0,0,3
CC1(c2ccc(S(=O)(=O)NCC(F)(F)F)cc2)NC(=O)N(CC(=O)c2ccc(F)cc2F)C1=O,CHEMBL4514991,4.5,31622.78,=,Inactive,O=C(CN1C(=O)NC(c2ccccc2)C1=O)c1ccccc1,1,False,Non-Covalent,True,False,0,0,1
CC1(c2ccc(S(=O)(=O)Nc3ccccc3)cc2)NC(=O)N(CC(=O)c2ccc(F)cc2F)C1=O,CHEMBL4434826,4.7,19952.62,=,Inactive,O=C(CN1C(=O)NC(c2ccc(S(=O)(=O)Nc3ccccc3)cc2)C1=O)c1ccccc1,1,False,Non-Covalent,True,False,0,0,2
CC1(c2ccc(S(N)(=O)=O)cc2)NC(=O)N(CC(=O)C2CC2)C1=O,CHEMBL4460878,4.5,31622.78,=,Inactive,O=C(CN1C(=O)NC(c2ccccc2)C1=O)C1CC1,1,False,Non-Covalent,True,False,0,0,2
CC1(c2ccc(S(N)(=O)=O)cc2)NC(=O)N(CC(=O)C2CCCCC2)C1=O,CHEMBL4590127,6.7,199.53,=,Active,O=C(CN1C(=O)NC(c2ccccc2)C1=O)C1CCCCC1,1,False,Non-Covalent,True,False,0,0,0
CC1(c2ccc(S(N)(=O)=O)cc2)NC(=O)N(CC(=O)c2ccc(C(F)(F)F)cc2)C1=O,CHEMBL4462626,6.0,1000.0,=,Active,O=C(CN1C(=O)NC(c2ccccc2)C1=O)c1ccccc1,1,False,Non-Covalent,True,False,0,0,0
CC1(c2ccc(S(N)(=O)=O)cc2)NC(=O)N(CC(=O)c2ccc(Cl)cc2Cl)C1=O,CHEMBL4460821,7.1,79.43,=,Active,O=C(CN1C(=O)NC(c2ccccc2)C1=O)c1ccccc1,1,False,Non-Covalent,True,False,0,0,1
CC1(c2ccc(S(N)(=O)=O)cc2)NC(=O)N(CC(=O)c2ccc(Cl)s2)C1=O,CHEMBL4459602,7.0,100.0,=,Active,O=C(CN1C(=O)NC(c2ccccc2)C1=O)c1cccs1,1,False,Non-Covalent,True,False,0,0,2
CC1(c2ccc(S(N)(=O)=O)cc2)NC(=O)N(CC(=O)c2ccc(F)c(C(F)(F)F)c2)C1=O,CHEMBL4557069,7.2,63.1,=,Active,O=C(CN1C(=O)NC(c2ccccc2)C1=O)c1ccccc1,1,False,Non-Covalent,True,False,0,0,4
CC1(c2ccc(S(N)(=O)=O)cc2)NC(=O)N(CC(=O)c2ccc(F)c(Cl)c2)C1=O,CHEMBL4441924,7.2,63.1,=,Active,O=C(CN1C(=O)NC(c2ccccc2)C1=O)c1ccccc1,1,False,Non-Covalent,True,False,0,0,2
CC1(c2ccc(S(N)(=O)=O)cc2)NC(=O)N(CC(=O)c2ccc(F)c(F)c2)C1=O,CHEMBL4593173,7.2,63.1,=,Active,O=C(CN1C(=O)NC(c2ccccc2)C1=O)c1ccccc1,1,False,Non-Covalent,True,False,0,0,1
CC1(c2ccc(S(N)(=O)=O)cc2)NC(=O)N(CC(=O)c2ccc(F)cc2)C1=O,CHEMBL4566455,6.8,158.49,=,Active,O=C(CN1C(=O)NC(c2ccccc2)C1=O)c1ccccc1,1,False,Non-Covalent,True,False,0,0,0
CC1(c2ccc(S(N)(=O)=O)cc2)NC(=O)N(CC(=O)c2ccc(F)cc2F)C1=O,CHEMBL4441087,7.2,63.1,=,Active,O=C(CN1C(=O)NC(c2ccccc2)C1=O)c1ccccc1,1,False,Non-Covalent,True,False,0,0,3
CC1(c2ccc(S(N)(=O)=O)cc2)NC(=O)N(CC(=O)c2ccc(F)cc2O)C1=O,CHEMBL4554896,7.2,63.1,=,Active,O=C(CN1C(=O)NC(c2ccccc2)C1=O)c1ccccc1,1,False,Non-Covalent,True,False,0,0,2
CC1(c2ccc(S(N)(=O)=O)cc2)NC(=O)N(CC(=O)c2ccc3ccccc3c2)C1=O,CHEMBL4444064,6.3,501.19,=,Active,O=C(CN1C(=O)NC(c2ccccc2)C1=O)c1ccc2ccccc2c1,1,False,Non-Covalent,True,False,0,0,0
CC1(c2ccc(S(N)(=O)=O)cc2)NC(=O)N(CC(=O)c2cccc(Br)c2)C1=O,CHEMBL4594022,7.0,100.0,=,Active,O=C(CN1C(=O)NC(c2ccccc2)C1=O)c1ccccc1,1,False,Non-Covalent,True,False,0,0,2
CC1(c2ccc(S(N)(=O)=O)cc2)NC(=O)N(CC(=O)c2cccc(C(F)(F)F)c2)C1=O,CHEMBL4438645,7.1,79.43,=,Active,O=C(CN1C(=O)NC(c2ccccc2)C1=O)c1ccccc1,1,False,Non-Covalent,True,False,0,0,3
CC1(c2ccc(S(N)(=O)=O)cc2)NC(=O)N(CC(=O)c2cccc(F)c2)C1=O,CHEMBL4464865,6.8,158.49,=,Active,O=C(CN1C(=O)NC(c2ccccc2)C1=O)c1ccccc1,1,False,Non-Covalent,True,False,0,0,1
CC1(c2ccc(S(N)(=O)=O)cc2)NC(=O)N(CC(=O)c2cccc(OC(F)(F)F)c2)C1=O,CHEMBL4468599,7.1,79.43,=,Active,O=C(CN1C(=O)NC(c2ccccc2)C1=O)c1ccccc1,1,False,Non-Covalent,True,False,0,0,1
CC1(c2ccc(S(N)(=O)=O)cc2)NC(=O)N(CC(=O)c2cccc([N+](=O)[O-])c2)C1=O,CHEMBL4519851,6.2,630.96,=,Active,O=C(CN1C(=O)NC(c2ccccc2)C1=O)c1ccccc1,1,True,Aromatic nitro warhead (FAD-reduced Cys387 adduct),True,True,0,0,2
CC1(c2ccc(S(N)(=O)=O)cc2)NC(=O)N(CC(=O)c2ccccc2)C1=O,CHEMBL4467801,6.6,251.19,=,Active,O=C(CN1C(=O)NC(c2ccccc2)C1=O)c1ccccc1,1,False,Non-Covalent,True,False,0,0,4
CC1(c2ccc(S(N)(=O)=O)cc2)NC(=O)N(CC(=O)c2ccccc2C(F)(F)F)C1=O,CHEMBL4443878,7.0,100.0,=,Active,O=C(CN1C(=O)NC(c2ccccc2)C1=O)c1ccccc1,1,False,Non-Covalent,True,False,0,0,1
CC1(c2ccc(S(N)(=O)=O)cc2)NC(=O)N(CC(=O)c2ccccc2F)C1=O,CHEMBL4571645,6.7,199.53,=,Active,O=C(CN1C(=O)NC(c2ccccc2)C1=O)c1ccccc1,1,False,Non-Covalent,True,False,0,0,2
CC1(c2ccc(S(N)(=O)=O)cc2)NC(=O)N(CC(=O)c2ccccn2)C1=O,CHEMBL4476058,6.3,501.19,=,Active,O=C(CN1C(=O)NC(c2ccccc2)C1=O)c1ccccn1,1,False,Non-Covalent,True,False,0,0,4
CC1(c2ccc(S(N)(=O)=O)cc2)NC(=O)N(CC(=O)c2cccs2)C1=O,CHEMBL4552639,6.7,199.53,=,Active,O=C(CN1C(=O)NC(c2ccccc2)C1=O)c1cccs1,1,False,Non-Covalent,True,False,0,0,0
CC1(c2ccc(S(N)(=O)=O)cc2)NC(=O)N(CC(=O)c2nc3ccccc3s2)C1=O,CHEMBL4453781,6.7,199.53,=,Active,O=C(CN1C(=O)NC(c2ccccc2)C1=O)c1nc2ccccc2s1,1,False,Non-Covalent,True,False,0,0,4
CC1(c2ccc(S(N)(=O)=O)cc2)NC(=O)N(CC(=O)c2ncc(F)cc2F)C1=O,CHEMBL4452592,7.1,79.43,=,Active,O=C(CN1C(=O)NC(c2ccccc2)C1=O)c1ccccn1,1,False,Non-Covalent,True,False,0,0,0
CC1(c2ccc(S(N)(=O)=O)cc2)NC(=O)N(CC(=O)c2nccs2)C1=O,CHEMBL4462807,6.2,630.96,=,Active,O=C(CN1C(=O)NC(c2ccccc2)C1=O)c1nccs1,1,False,Non-Covalent,True,False,0,0,3
CC1(c2ccc3c(c2)NC(=O)CO3)NC(=O)N(CC(=O)c2ccc(F)cc2F)C1=O,CHEMBL4455316,6.8,158.49,=,Active,O=C1COc2ccc(C3NC(=O)N(CC(=O)c4ccccc4)C3=O)cc2N1,1,False,Non-Covalent,True,False,3,3,3
CCOC(=O)NC(=O)c1ccsc1NC(=O)c1ccc(C#N)cc1,CHEMBL5171896,4.1938,64000.0,>,Inactive,O=C(Nc1cccs1)c1ccccc1,1,False,Non-Covalent,False,False,2,1,0
CCOC(=O)NC(=O)c1ccsc1NC(=O)c1ccc(C#N)cn1,CHEMBL5174140,4.3847,41240.0,=,Inactive,O=C(Nc1cccs1)c1ccccn1,1,False,Non-Covalent,False,False,2,1,0
CCOC(=O)NC(=O)c1ccsc1NC(=O)c1ccc(C(=O)N2CCCCC2)c(F)c1,CHEMBL4858566,9.699,0.2,=,Active,O=C(Nc1cccs1)c1ccc(C(=O)N2CCCCC2)cc1,1,False,Non-Covalent,False,False,2,1,1
CCOC(=O)NC(=O)c1ccsc1NC(=O)c1ccc(C(=O)N2CCCCC2)cc1,CHEMBL4873922,9.5229,0.3,=,Active,O=C(Nc1cccs1)c1ccc(C(=O)N2CCCCC2)cc1,1,False,Non-Covalent,False,False,2,1,2
CCOC(=O)NC(=O)c1ccsc1NC(=O)c1ccc(C(=O)N2CCCCC2)s1,CHEMBL4877637,9.5229,0.3,=,Active,O=C(Nc1cccs1)c1ccc(C(=O)N2CCCCC2)s1,1,False,Non-Covalent,False,False,2,1,0
CCOC(=O)NC(=O)c1ccsc1NC(=O)c1ccc(C(C)=O)cc1,CHEMBL5184622,4.4385,36430.0,=,Inactive,O=C(Nc1cccs1)c1ccccc1,1,False,Non-Covalent,False,False,2,1,0
CCOC(=O)NC(=O)c1ccsc1NC(=O)c1ccn2cnnc2c1,CHEMBL4475286,7.2218,60.0,=,Active,O=C(Nc1cccs1)c1ccn2cnnc2c1,1,False,Non-Covalent,False,False,2,1,4
CCOC(=O)NC(=O)c1ccsc1NC(=O)c1nc2ccccc2s1,CHEMBL3262462,8.6379,26.55,=,Active,O=C(Nc1cccs1)c1nc2ccccc2s1,2,False,Non-Covalent,False,False,2,1,4
CCOC(=O)NC(=O)c1ccsc1NC(=O)c1nc2cnccc2s1,CHEMBL4447540,7.0,100.0,=,Active,O=C(Nc1cccs1)c1nc2cnccc2s1,1,False,Non-Covalent,False,False,2,1,2
CCOc1ccc(CNc2nc3cc(C(F)(F)F)ccc3nc2C(=O)O)cc1,CHEMBL4453294,7.0555,88.0,=,Active,c1ccc(CNc2cnc3ccccc3n2)cc1,1,False,Non-Covalent,False,False,7,3,1
CCc1nc2cc(Cl)ccn2c1C(=O)NCc1ccc(N2CCN(c3ccc(F)cc3)CC2)cc1,CHEMBL3109797,5.0,10000.0,>,Inactive,O=C(NCc1ccc(N2CCN(c3ccccc3)CC2)cc1)c1cnc2ccccn12,1,False,Non-Covalent,False,False,13,4,0
CN(CC#CC1CCCCC1)c1nc(=O)c2cc(C(F)(F)F)cc([N+](=O)[O-])c2s1,CHEMBL5564800,7.7447,18.0,=,Active,O=c1nc(NCC#CC2CCCCC2)sc2ccccc12,1,True,Aromatic nitro warhead (FAD-reduced Cys387 adduct),False,True,4,2,3
CN(CC#Cc1ccccc1)c1nc(=O)c2cc(C(F)(F)F)cc([N+](=O)[O-])c2s1,CHEMBL5566657,7.6383,23.0,=,Active,O=c1nc(NCC#Cc2ccccc2)sc2ccccc12,1,True,Aromatic nitro warhead (FAD-reduced Cys387 adduct),False,True,10,4,2
CN(Cc1cn(-c2ccccc2)nn1)c1nc(=O)c2cc(S(C)(=O)=O)cc([N+](=O)[O-])c2s1,CHEMBL4877319,6.1079,780.0,=,Active,O=c1nc(NCc2cn(-c3ccccc3)nn2)sc2ccccc12,1,True,Aromatic nitro warhead (FAD-reduced Cys387 adduct),False,True,10,4,0
CN(Cc1coc(-c2ccccc2)n1)c1nc(=O)c2cc(S(C)(=O)=O)cc([N+](=O)[O-])c2s1,CHEMBL4859629,6.0269,940.0,=,Active,O=c1nc(NCc2coc(-c3ccccc3)n2)sc2ccccc12,1,True,Aromatic nitro warhead (FAD-reduced Cys387 adduct),False,True,10,4,4
CNC(=O)/C=C/c1cc(C(F)(F)F)cc2c(=O)nc(N3CCN(CC4CCCCC4)CC3)sc12,CHEMBL4740005,6.4089,390.0,=,Active,O=c1nc(N2CCN(CC3CCCCC3)CC2)sc2ccccc12,1,False,Non-Covalent,False,False,4,2,1
CNS(=O)(=O)c1ccc(C2(C)NC(=O)N(CC(=O)c3ccc(F)cc3F)C2=O)cc1,CHEMBL4445241,6.1,794.33,=,Active,O=C(CN1C(=O)NC(c2ccccc2)C1=O)c1ccccc1,1,False,Non-Covalent,True,False,0,0,1
COC(=O)C#Cc1cc(C(F)(F)F)cc2c(=O)nc(N3CCN(CC4CCCCC4)CC3)sc12,CHEMBL4752208,6.8539,140.0,=,Active,O=c1nc(N2CCN(CC3CCCCC3)CC2)sc2ccccc12,1,False,Non-Covalent,False,False,4,2,0
COC(=O)NC(=O)c1ccsc1NC(=O)c1ccc(C(=O)N2CCCCC2)c(F)c1,CHEMBL4848357,9.3979,0.4,=,Active,O=C(Nc1cccs1)c1ccc(C(=O)N2CCCCC2)cc1,1,False,Non-Covalent,False,False,6,4,1
COC(=O)NC(=O)c1ccsc1NC(=O)c1ccc(C(=O)N2CCCCC2)cc1,CHEMBL4865471,9.0458,0.9,=,Active,O=C(Nc1cccs1)c1ccc(C(=O)N2CCCCC2)cc1,1,False,Non-Covalent,False,False,5,4,4
COC(=O)NC(=O)c1ccsc1NC(=O)c1ccc(S(=O)(=O)N2CCCCC2)cc1,CHEMBL5185220,10.0,0.1,=,Active,O=C(Nc1cccs1)c1ccc(S(=O)(=O)N2CCCCC2)cc1,1,False,Non-Covalent,False,False,6,4,0
COC(=O)c1ccc(C2(C)NC(=O)N(CC(=O)c3ccc(F)cc3F)C2=O)cc1,CHEMBL4557558,7.1,79.43,=,Active,O=C(CN1C(=O)NC(c2ccccc2)C1=O)c1ccccc1,1,False,Non-Covalent,True,False,0,0,1
COc1ccc(C(=O)CN2C(=O)NC(C)(c3ccc(S(N)(=O)=O)cc3)C2=O)cc1,CHEMBL4471399,6.5,316.23,=,Active,O=C(CN1C(=O)NC(c2ccccc2)C1=O)c1ccccc1,1,False,Non-Covalent,True,False,0,0,0
COc1ccc(CNc2nc3cc(C(F)(F)F)ccc3nc2C(=O)O)cc1,CHEMBL1976041,7.3872,41.0,=,Active,c1ccc(CNc2cnc3ccccc3n2)cc1,1,False,Non-Covalent,False,False,7,3,1
COc1ccc(CNc2nc3cc(C(F)(F)F)ccc3nc2C(=O)O)cc1F,CHEMBL4444439,7.0969,80.0,=,Active,c1ccc(CNc2cnc3ccccc3n2)cc1,1,False,Non-Covalent,False,False,7,3,2
COc1cccc(C(=O)CN2C(=O)NC(C)(c3ccc(S(N)(=O)=O)cc3)C2=O)c1,CHEMBL4515427,6.9,125.89,=,Active,O=C(CN1C(=O)NC(c2ccccc2)C1=O)c1ccccc1,1,False,Non-Covalent,True,False,0,0,0
CS(=O)(=O)c1cc([N+](=O)[O-])c2sc(N3CCCN(S(=O)(=O)C4CC4)CC3)nc(=O)c2c1,CHEMBL5082957,4.7773,16700.0,=,Inactive,O=c1nc(N2CCCN(S(=O)(=O)C3CC3)CC2)sc2ccccc12,1,True,Aromatic nitro warhead (FAD-reduced Cys387 adduct),False,True,4,2,2
CS(=O)(=O)c1cc([N+](=O)[O-])c2sc(N3CCN(CC4CCCCC4)CC3)nc(=O)c2c1,CHEMBL4868912,7.301,50.0,=,Active,O=c1nc(N2CCN(CC3CCCCC3)CC2)sc2ccccc12,1,True,Aromatic nitro warhead (FAD-reduced Cys387 adduct),False,True,4,2,1
CS(=O)(=O)c1cc([N+](=O)[O-])c2sc(N3CCN(CC4CCOCC4)CC3)nc(=O)c2c1,CHEMBL5080370,4.9872,10300.0,=,Inactive,O=c1nc(N2CCN(CC3CCOCC3)CC2)sc2ccccc12,1,True,Aromatic nitro warhead (FAD-reduced Cys387 adduct),False,True,4,2,4
C[C@H]1COC2(CCN(c3nc(=O)c4cc(C(F)(F)F)cc(NC(=O)C(C)(C)Br)c4s3)CC2)O1,CHEMBL6134588,3.6176,398325.0,=,Inactive,O=c1nc(N2CCC3(CC2)OCCO3)sc2ccccc12,2,False,Non-Covalent,False,False,9,3,0
C[C@]1(c2ccc(S(N)(=O)=O)cc2)NC(=O)N(CC(=O)c2ccc(F)cc2F)C1=O,CHEMBL4439876,7.5,31.62,=,Active,O=C(CN1C(=O)NC(c2ccccc2)C1=O)c1ccccc1,1,False,Non-Covalent,True,False,0,0,0
Cc1c(CCC(=O)N2CCCC2)c(=O)n2c([nH]c3ccccc32)c1C#N,CHEMBL4437244,7.1549,70.0,=,Active,O=C(CCc1ccc2[nH]c3ccccc3n2c1=O)N1CCCC1,1,False,Non-Covalent,False,False,12,4,4
Cc1ccc(C(=O)CN2C(=O)NC(C)(c3ccc(S(N)(=O)=O)cc3)C2=O)cc1,CHEMBL4467330,6.8,158.49,=,Active,O=C(CN1C(=O)NC(c2ccccc2)C1=O)c1ccccc1,1,False,Non-Covalent,True,False,0,0,2
Cc1cccc(C(=O)CN2C(=O)NC(C)(c3ccc(C#N)cc3)C2=O)c1,CHEMBL4550592,6.0,1000.0,=,Active,O=C(CN1C(=O)NC(c2ccccc2)C1=O)c1ccccc1,1,False,Non-Covalent,True,False,0,0,0
Cc1cccc(C(=O)CN2C(=O)NC(C)(c3ccc(S(N)(=O)=O)cc3)C2=O)c1,CHEMBL4454189,6.7,199.53,=,Active,O=C(CN1C(=O)NC(c2ccccc2)C1=O)c1ccccc1,1,False,Non-Covalent,True,False,0,0,3
Cc1ccccc1C(=O)CN1C(=O)NC(C)(c2ccc(C#N)cc2)C1=O,CHEMBL4514109,6.1,794.33,=,Active,O=C(CN1C(=O)NC(c2ccccc2)C1=O)c1ccccc1,1,False,Non-Covalent,True,False,1,4,3
Cc1ccccc1C(=O)CN1C(=O)NC(C)(c2ccc(S(N)(=O)=O)cc2)C1=O,CHEMBL4471280,7.0,100.0,=,Active,O=C(CN1C(=O)NC(c2ccccc2)C1=O)c1ccccc1,1,False,Non-Covalent,True,False,0,0,3
Cc1ccnc(NC(=O)c2ccsc2NC(=O)c2ccn3cnnc3c2)n1,CHEMBL4453252,7.5229,30.0,=,Active,O=C(Nc1sccc1C(=O)Nc1ncccn1)c1ccn2cnnc2c1,1,False,Non-Covalent,False,False,11,3,2
N#CCCc1cc(C(F)(F)F)cc2c(=O)nc(N3CCN(CC4CCCCC4)CC3)sc12,CHEMBL4749411,4.8794,13200.0,=,Inactive,O=c1nc(N2CCN(CC3CCCCC3)CC2)sc2ccccc12,1,False,Non-Covalent,False,False,4,2,4
N#Cc1ccc(C(=O)Nc2sccc2C(=O)NC(=O)OCC2CC2)cc1,CHEMBL5204853,4.7242,18870.0,=,Inactive,O=C(NC(=O)c1ccsc1NC(=O)c1ccccc1)OCC1CC1,1,False,Non-Covalent,False,False,5,4,4
N#Cc1ccc(C(=O)Nc2sccc2C(=O)NC(=O)OCC2CC2)nc1,CHEMBL5172070,4.9378,11540.0,=,Inactive,O=C(NC(=O)c1ccsc1NC(=O)c1ccccn1)OCC1CC1,1,False,Non-Covalent,False,False,5,4,3
N#Cc1ccc(CNc2nc3cc(C(F)(F)F)ccc3nc2C(=O)O)cc1,CHEMBL4569953,7.1739,67.0,=,Active,c1ccc(CNc2cnc3ccccc3n2)cc1,1,False,Non-Covalent,False,False,7,3,3
N#Cc1ncc2c(=O)nc(N3CCN(CC4CCCCC4)CC3)sc2n1,CHEMBL4781643,4.699,20000.0,>,Inactive,O=c1nc(N2CCN(CC3CCCCC3)CC2)sc2ncncc12,1,False,Non-Covalent,False,False,4,2,4
NC(=O)/C=C/c1cc(C(F)(F)F)cc2c(=O)nc(N3CCN(CC4CCCCC4)CC3)sc12,CHEMBL4763381,6.699,200.0,=,Active,O=c1nc(N2CCN(CC3CCCCC3)CC2)sc2ccccc12,1,False,Non-Covalent,False,False,4,2,4
NC(=O)CCc1cc(C(F)(F)F)cc2c(=O)nc(N3CCN(CC4CCCCC4)CC3)sc12,CHEMBL4760909,4.7773,16700.0,=,Inactive,O=c1nc(N2CCN(CC3CCCCC3)CC2)sc2ccccc12,1,False,Non-Covalent,False,False,4,2,3
O=C(NC(=O)c1ccsc1NC(=O)c1nc2ccccc2s1)OC1CCC1,CHEMBL5205539,4.7312,18570.0,=,Inactive,O=C(NC(=O)c1ccsc1NC(=O)c1nc2ccccc2s1)OC1CCC1,1,False,Non-Covalent,False,False,2,1,1
O=C(NC(=O)c1ccsc1NC(=O)c1nc2ccccc2s1)OCC1CC1,CHEMBL5180878,8.0,10.0,=,Active,O=C(NC(=O)c1ccsc1NC(=O)c1nc2ccccc2s1)OCC1CC1,1,False,Non-Covalent,False,False,2,1,3
O=C(NC(=O)c1ccsc1NC(=O)c1nc2ccccc2s1)OCC1CCC1,CHEMBL5197700,7.0088,98.0,=,Active,O=C(NC(=O)c1ccsc1NC(=O)c1nc2ccccc2s1)OCC1CCC1,1,False,Non-Covalent,False,False,2,1,4
O=C(NC(=O)c1ccsc1NC(=O)c1nc2ccccc2s1)OCC1CCCC1,CHEMBL5205192,4.6501,22380.0,=,Inactive,O=C(NC(=O)c1ccsc1NC(=O)c1nc2ccccc2s1)OCC1CCCC1,1,False,Non-Covalent,False,False,2,1,1
O=C(NC(=O)c1ccsc1NC(=O)c1nc2ccccc2s1)OCC1CCCCC1,CHEMBL5172812,4.1938,64000.0,>,Inactive,O=C(NC(=O)c1ccsc1NC(=O)c1nc2ccccc2s1)OCC1CCCCC1,1,False,Non-Covalent,False,False,2,1,2
O=C(Nc1sccc1C(=O)Nc1nccc(C(F)(F)F)n1)c1ccc(C(=O)N2CCCCC2)cc1,CHEMBL4857182,9.3979,0.4,=,Active,O=C(Nc1sccc1C(=O)Nc1ncccn1)c1ccc(C(=O)N2CCCCC2)cc1,1,False,Non-Covalent,False,False,8,4,4
O=C(Nc1sccc1C(=O)Nc1ncccn1)c1nc2cnccc2s1,CHEMBL4574762,5.0,10000.0,>,Inactive,O=C(Nc1sccc1C(=O)Nc1ncccn1)c1nc2cnccc2s1,1,False,Non-Covalent,False,False,2,1,3
O=C(O)c1nc2ccc(C(F)(F)F)cc2nc1NCc1ccc(C(F)(F)F)cc1,CHEMBL4576609,6.9208,120.0,=,Active,c1ccc(CNc2cnc3ccccc3n2)cc1,1,False,Non-Covalent,False,False,7,3,0
O=C(O)c1nc2ccc(C(F)(F)F)cc2nc1NCc1ccc(Cl)cc1,CHEMBL4591732,7.301,50.0,=,Active,c1ccc(CNc2cnc3ccccc3n2)cc1,1,False,Non-Covalent,False,False,7,3,4
O=C(O)c1nc2ccc(C(F)(F)F)cc2nc1NCc1ccc(F)cc1,CHEMBL1973996,7.1427,72.0,=,Active,c1ccc(CNc2cnc3ccccc3n2)cc1,1,False,Non-Covalent,False,False,7,3,2
O=c1nc(N2CCN(CC3CCCCC3)CC2)sc2c(Cl)cc(C(F)(F)F)cc12,CHEMBL4798070,6.0362,920.0,=,Active,O=c1nc(N2CCN(CC3CCCCC3)CC2)sc2ccccc12,1,False,Non-Covalent,False,False,4,2,3
O=c1nc(N2CCN(CC3CCCCC3)CC2)sc2c([N+](=O)[O-])cc(C(F)(F)F)cc12,CHEMBL3330226,8.0,10.0,=,Active,O=c1nc(N2CCN(CC3CCCCC3)CC2)sc2ccccc12,3,True,Aromatic nitro warhead (FAD-reduced Cys387 adduct),False,True,4,2,3
O=c1nc(N2CCN(CC3CCCCC3)CC2)sc2nc(Cl)ncc12,CHEMBL4756702,4.699,20000.0,>,Inactive,O=c1nc(N2CCN(CC3CCCCC3)CC2)sc2ncncc12,1,False,Non-Covalent,False,False,4,2,1
