track,model_name,n_samples,n_actives,n_inactives,roc_auc_orig,roc_auc_mean,roc_auc_std,roc_auc_ci_lower,roc_auc_ci_upper,pr_auc_orig,pr_auc_mean,pr_auc_std,pr_auc_ci_lower,pr_auc_ci_upper
Track A (Random CV),Baseline 0 (Random Floor),102,74,28,0.473,0.4713,0.0624,0.3448,0.5984,0.7143,0.7137,0.0518,0.6087,0.8168
Track A (Random CV),Baseline 1 (Hydantoin Detector),102,74,28,0.6477,0.6468,0.0538,0.5416,0.7535,0.7939,0.792,0.0448,0.6969,0.8701
Track A (Random CV),Baseline 2 (1-NN Tanimoto),102,74,28,0.6979,0.6962,0.0706,0.5391,0.8145,0.8042,0.8071,0.0549,0.6842,0.8966
Track A (Random CV),Logistic Regression (ECFP4 Counts),102,74,28,0.7292,0.7295,0.0579,0.6005,0.8283,0.8513,0.8574,0.0492,0.7092,0.9204
Track A (Random CV),Random Forest (ECFP4 Counts),102,74,28,0.7987,0.7989,0.0446,0.6972,0.8767,0.9225,0.9216,0.0241,0.8577,0.9589
Track A (Random CV),LightGBM (ECFP4 Counts),102,74,28,0.6832,0.6843,0.0536,0.5755,0.7765,0.8698,0.8692,0.0338,0.7855,0.9249
Track A (Random CV),Random Forest (ECFP4 Bits),102,74,28,0.7925,0.7921,0.0458,0.6869,0.8695,0.9184,0.9173,0.0253,0.8517,0.9572
Track A (Random CV),Random Forest (MACCS Keys),102,74,28,0.7828,0.7818,0.0478,0.6749,0.8635,0.9125,0.9111,0.0284,0.8353,0.9514
Track A (Random CV),Random Forest (RDKit 2D),102,74,28,0.8089,0.8082,0.0467,0.7027,0.8866,0.919,0.918,0.03,0.8242,0.9576
Track A (Random CV),Logistic Regression (RDKit 2D),102,74,28,0.6969,0.696,0.0606,0.563,0.7997,0.8425,0.8428,0.0479,0.7169,0.9135
Track B (Cluster CV),Baseline 0 (Random Floor),102,74,28,0.3349,0.3364,0.062,0.2241,0.4682,0.6568,0.66,0.0521,0.5556,0.7532
Track B (Cluster CV),Baseline 1 (Hydantoin Detector),102,74,28,0.6477,0.6468,0.0538,0.5416,0.7535,0.7939,0.792,0.0448,0.6969,0.8701
Track B (Cluster CV),Baseline 2 (1-NN Tanimoto),102,74,28,0.6175,0.6186,0.0626,0.4789,0.7343,0.8273,0.8278,0.044,0.714,0.9013
Track B (Cluster CV),Logistic Regression (ECFP4 Counts),102,74,28,0.6578,0.655,0.0723,0.4922,0.782,0.7725,0.7791,0.0589,0.6502,0.8785
Track B (Cluster CV),Random Forest (ECFP4 Counts),102,74,28,0.7394,0.7383,0.0593,0.5978,0.8378,0.8542,0.8567,0.0496,0.7131,0.9258
Track B (Cluster CV),LightGBM (ECFP4 Counts),102,74,28,0.7155,0.716,0.066,0.5529,0.8203,0.8148,0.8184,0.0519,0.6901,0.8994
Track B (Cluster CV),Random Forest (ECFP4 Bits),102,74,28,0.7297,0.728,0.0596,0.5898,0.8298,0.8478,0.8529,0.0512,0.6913,0.9186
Track B (Cluster CV),Random Forest (MACCS Keys),102,74,28,0.6284,0.6272,0.0625,0.5031,0.7375,0.8045,0.8062,0.0531,0.663,0.8852
Track B (Cluster CV),Random Forest (RDKit 2D),102,74,28,0.7466,0.7458,0.0588,0.6093,0.8413,0.8633,0.8649,0.047,0.7165,0.9277
Track B (Cluster CV),Logistic Regression (RDKit 2D),102,74,28,0.5748,0.5722,0.077,0.4228,0.7155,0.7191,0.7261,0.0592,0.5976,0.8248
Track C (LHO Split 1: Test Hydantoin),Baseline 0 (Random Floor),51,43,8,0.5,0.5,0.0,0.5,0.5,0.8431,0.8415,0.0504,0.7059,0.902
Track C (LHO Split 2: Test Non-Hydantoin),Baseline 0 (Random Floor),51,31,20,0.5,0.5,0.0,0.5,0.5,0.6078,0.609,0.0687,0.4314,0.7059
Track C (LHO Pooled OOF),Baseline 0 (Random Floor),102,74,28,0.3523,0.3518,0.0527,0.2511,0.4571,0.6762,0.6759,0.0495,0.5865,0.7737
Track C (LHO Split 1: Test Hydantoin),Baseline 1 (Hydantoin Detector),51,43,8,0.5,0.5,0.0,0.5,0.5,0.8431,0.8415,0.0504,0.7059,0.902
Track C (LHO Split 2: Test Non-Hydantoin),Baseline 1 (Hydantoin Detector),51,31,20,0.5,0.5,0.0,0.5,0.5,0.6078,0.609,0.0687,0.4314,0.7059
Track C (LHO Pooled OOF),Baseline 1 (Hydantoin Detector),102,74,28,0.6477,0.6482,0.0527,0.5426,0.7488,0.7939,0.7935,0.0443,0.6979,0.8696
Track C (LHO Split 1: Test Hydantoin),Baseline 2 (1-NN Tanimoto),51,43,8,0.4302,0.4257,0.1058,0.2674,0.7003,0.8593,0.8599,0.0519,0.7138,0.9333
Track C (LHO Split 2: Test Non-Hydantoin),Baseline 2 (1-NN Tanimoto),51,31,20,0.5677,0.5684,0.087,0.393,0.7305,0.6701,0.6822,0.0869,0.4558,0.8157
Track C (LHO Pooled OOF),Baseline 2 (1-NN Tanimoto),102,74,28,0.5147,0.5151,0.0669,0.3817,0.643,0.7468,0.7508,0.0538,0.6248,0.8412
Track C (LHO Split 1: Test Hydantoin),Logistic Regression (ECFP4 Counts),51,43,8,0.6076,0.6008,0.1668,0.2428,0.9188,0.8363,0.8485,0.0743,0.6524,0.9522
Track C (LHO Split 2: Test Non-Hydantoin),Logistic Regression (ECFP4 Counts),51,31,20,0.7613,0.7656,0.069,0.5952,0.8716,0.8042,0.8173,0.0727,0.5801,0.909
Track C (LHO Pooled OOF),Logistic Regression (ECFP4 Counts),102,74,28,0.7418,0.7426,0.0626,0.597,0.8457,0.8333,0.8391,0.0529,0.7016,0.9186
Track C (LHO Split 1: Test Hydantoin),Random Forest (ECFP4 Counts),51,43,8,0.5581,0.5534,0.143,0.2728,0.8225,0.8599,0.8631,0.0634,0.6908,0.9554
Track C (LHO Split 2: Test Non-Hydantoin),Random Forest (ECFP4 Counts),51,31,20,0.7,0.7028,0.0706,0.5475,0.8196,0.8023,0.8109,0.0674,0.58,0.8932
Track C (LHO Pooled OOF),Random Forest (ECFP4 Counts),102,74,28,0.6622,0.6623,0.0586,0.5393,0.7684,0.8306,0.8339,0.048,0.697,0.9043
Track C (LHO Split 1: Test Hydantoin),LightGBM (ECFP4 Counts),51,43,8,0.5727,0.566,0.1238,0.3304,0.8294,0.8599,0.8608,0.0573,0.6959,0.9444
Track C (LHO Split 2: Test Non-Hydantoin),LightGBM (ECFP4 Counts),51,31,20,0.5306,0.5272,0.0857,0.3715,0.7073,0.6394,0.6566,0.0836,0.4334,0.7672
Track C (LHO Pooled OOF),LightGBM (ECFP4 Counts),102,74,28,0.6462,0.6478,0.0616,0.5157,0.7557,0.8075,0.8104,0.0491,0.6905,0.8858
Track C (LHO Split 1: Test Hydantoin),Random Forest (ECFP4 Bits),51,43,8,0.6017,0.5981,0.1386,0.3158,0.8615,0.8858,0.8863,0.0549,0.7237,0.9634
Track C (LHO Split 2: Test Non-Hydantoin),Random Forest (ECFP4 Bits),51,31,20,0.6145,0.6159,0.0826,0.4433,0.7593,0.724,0.7344,0.0811,0.5156,0.8566
Track C (LHO Pooled OOF),Random Forest (ECFP4 Bits),102,74,28,0.5613,0.5628,0.0653,0.4233,0.6752,0.7797,0.7832,0.0527,0.6562,0.866
Track C (LHO Split 1: Test Hydantoin),Random Forest (MACCS Keys),51,43,8,0.5451,0.5475,0.1324,0.2855,0.81,0.8568,0.8637,0.0632,0.671,0.9493
Track C (LHO Split 2: Test Non-Hydantoin),Random Forest (MACCS Keys),51,31,20,0.475,0.4733,0.0838,0.3364,0.6634,0.6128,0.6361,0.09,0.4114,0.7613
Track C (LHO Pooled OOF),Random Forest (MACCS Keys),102,74,28,0.569,0.5708,0.0666,0.4406,0.7146,0.7531,0.7631,0.0597,0.6182,0.8453
Track C (LHO Split 1: Test Hydantoin),Random Forest (RDKit 2D),51,43,8,0.6337,0.6285,0.1746,0.2428,0.9581,0.8474,0.8546,0.0722,0.6595,0.9604
Track C (LHO Split 2: Test Non-Hydantoin),Random Forest (RDKit 2D),51,31,20,0.6403,0.6462,0.0818,0.4408,0.7717,0.7356,0.7472,0.079,0.5342,0.8573
Track C (LHO Pooled OOF),Random Forest (RDKit 2D),102,74,28,0.6125,0.6091,0.0696,0.4879,0.7592,0.7756,0.7764,0.0563,0.6634,0.8862
Track C (LHO Split 1: Test Hydantoin),Logistic Regression (RDKit 2D),51,43,8,0.4913,0.4825,0.1499,0.1859,0.789,0.814,0.8212,0.0738,0.6417,0.9287
Track C (LHO Split 2: Test Non-Hydantoin),Logistic Regression (RDKit 2D),51,31,20,0.3032,0.2977,0.0751,0.1781,0.4855,0.5471,0.5603,0.082,0.3623,0.6861
Track C (LHO Pooled OOF),Logistic Regression (RDKit 2D),102,74,28,0.5849,0.5848,0.0591,0.459,0.6973,0.7876,0.7919,0.0537,0.6638,0.8761
