track,model_name,n_samples,n_actives,n_inactives,roc_auc_orig,roc_auc_mean,roc_auc_std,roc_auc_ci_lower,roc_auc_ci_upper,pr_auc_orig,pr_auc_mean,pr_auc_std,pr_auc_ci_lower,pr_auc_ci_upper,is_y_randomized
Track A (Random CV),Baseline 0 (Random Floor),102,74,28,0.473,0.4713,0.0624,0.3448,0.5984,0.7143,0.7137,0.0518,0.6087,0.8168,False
Track A (Random CV),Baseline 1 (Hydantoin Detector),102,74,28,0.6477,0.6468,0.0538,0.5416,0.7535,0.7939,0.792,0.0448,0.6969,0.8701,False
Track A (Random CV),Baseline 2 (1-NN Tanimoto),102,74,28,0.6979,0.6962,0.0706,0.5391,0.8145,0.8042,0.8071,0.0549,0.6842,0.8966,False
Track A (Random CV),Logistic Regression,102,74,28,0.792,0.7929,0.049,0.68,0.8738,0.9058,0.906,0.032,0.8139,0.952,False
Track A (Random CV),Random Forest,102,74,28,0.7896,0.7894,0.0459,0.6861,0.8684,0.9183,0.9172,0.0255,0.8483,0.9564,False
Track A (Random CV),LightGBM,102,74,28,0.6834,0.6843,0.0547,0.5698,0.7792,0.865,0.8644,0.036,0.7722,0.9195,False
Track B (Cluster CV),Baseline 0 (Random Floor),102,74,28,0.3349,0.3364,0.062,0.2241,0.4682,0.6568,0.66,0.0521,0.5556,0.7532,False
Track B (Cluster CV),Baseline 1 (Hydantoin Detector),102,74,28,0.6477,0.6468,0.0538,0.5416,0.7535,0.7939,0.792,0.0448,0.6969,0.8701,False
Track B (Cluster CV),Baseline 2 (1-NN Tanimoto),102,74,28,0.6175,0.6186,0.0626,0.4789,0.7343,0.8273,0.8278,0.044,0.714,0.9013,False
Track B (Cluster CV),Logistic Regression,102,74,28,0.7394,0.7385,0.0577,0.608,0.8404,0.8606,0.8619,0.0458,0.7449,0.9332,False
Track B (Cluster CV),Random Forest,102,74,28,0.7278,0.7264,0.059,0.5825,0.8229,0.8513,0.8537,0.0496,0.7073,0.9236,False
Track B (Cluster CV),LightGBM,102,74,28,0.7121,0.7132,0.0671,0.5621,0.8255,0.8114,0.8165,0.0521,0.6812,0.8967,False
Track C (LHO Split 1: Test Hydantoin),Baseline 0 (Random Floor),51,43,8,0.5,0.5,0.0,0.5,0.5,0.8431,0.8415,0.0504,0.7059,0.902,False
Track C (LHO Split 2: Test Non-Hydantoin),Baseline 0 (Random Floor),51,31,20,0.5,0.5,0.0,0.5,0.5,0.6078,0.609,0.0687,0.4314,0.7059,False
Track C (LHO Pooled OOF),Baseline 0 (Random Floor),102,74,28,0.3523,0.3518,0.0527,0.2511,0.4571,0.6762,0.6759,0.0495,0.5865,0.7737,False
Track C (LHO Split 1: Test Hydantoin),Baseline 1 (Hydantoin Detector),51,43,8,0.5,0.5,0.0,0.5,0.5,0.8431,0.8415,0.0504,0.7059,0.902,False
Track C (LHO Split 2: Test Non-Hydantoin),Baseline 1 (Hydantoin Detector),51,31,20,0.5,0.5,0.0,0.5,0.5,0.6078,0.609,0.0687,0.4314,0.7059,False
Track C (LHO Pooled OOF),Baseline 1 (Hydantoin Detector),102,74,28,0.6477,0.6482,0.0527,0.5426,0.7488,0.7939,0.7935,0.0443,0.6979,0.8696,False
Track C (LHO Split 1: Test Hydantoin),Baseline 2 (1-NN Tanimoto),51,43,8,0.4302,0.4257,0.1058,0.2674,0.7003,0.8593,0.8599,0.0519,0.7138,0.9333,False
Track C (LHO Split 2: Test Non-Hydantoin),Baseline 2 (1-NN Tanimoto),51,31,20,0.5677,0.5684,0.087,0.393,0.7305,0.6701,0.6822,0.0869,0.4558,0.8157,False
Track C (LHO Pooled OOF),Baseline 2 (1-NN Tanimoto),102,74,28,0.5147,0.5151,0.0669,0.3817,0.643,0.7468,0.7508,0.0538,0.6248,0.8412,False
Track C (LHO Split 1: Test Hydantoin),Logistic Regression,51,43,8,0.6715,0.6687,0.1355,0.3368,0.8987,0.8939,0.8966,0.0583,0.7251,0.9771,False
Track C (LHO Split 2: Test Non-Hydantoin),Logistic Regression,51,31,20,0.7677,0.7718,0.0682,0.6099,0.8795,0.8097,0.8218,0.0717,0.5982,0.9124,False
Track C (LHO Pooled OOF),Logistic Regression,102,74,28,0.7524,0.7534,0.0579,0.6212,0.8533,0.8594,0.8625,0.0479,0.7306,0.9347,False
Track C (LHO Split 1: Test Hydantoin),Random Forest,51,43,8,0.5581,0.5534,0.143,0.2728,0.8225,0.8599,0.8631,0.0634,0.6908,0.9554,False
Track C (LHO Split 2: Test Non-Hydantoin),Random Forest,51,31,20,0.7,0.7028,0.0706,0.5475,0.8196,0.8023,0.8109,0.0674,0.58,0.8932,False
Track C (LHO Pooled OOF),Random Forest,102,74,28,0.6622,0.6623,0.0586,0.5393,0.7684,0.8306,0.8339,0.048,0.697,0.9043,False
Track C (LHO Split 1: Test Hydantoin),LightGBM,51,43,8,0.5727,0.566,0.1238,0.3304,0.8294,0.8599,0.8608,0.0573,0.6959,0.9444,False
Track C (LHO Split 2: Test Non-Hydantoin),LightGBM,51,31,20,0.5419,0.5434,0.0778,0.3629,0.686,0.6879,0.6951,0.071,0.5151,0.8042,False
Track C (LHO Pooled OOF),LightGBM,102,74,28,0.388,0.3894,0.0621,0.2761,0.5279,0.7019,0.7045,0.0538,0.5783,0.7944,False
Track B (Y-Randomization 10-Shuffle),Logistic Regression,102,74,28,0.4846,0.4846,0.095,0.2985,0.6707,0.7237,0.7237,0.0521,0.6216,0.8258,True
Track B (Y-Randomization 10-Shuffle),Random Forest,102,74,28,0.4672,0.4672,0.1067,0.258,0.6764,0.7159,0.7159,0.0657,0.5872,0.8446,True
Track B (Y-Randomization 10-Shuffle),LightGBM,102,74,28,0.4859,0.4859,0.0728,0.3433,0.6285,0.7213,0.7213,0.0324,0.6577,0.7849,True
