molecule_chembl_id,label,is_hydantoin,molecular_weight,heavy_atom_count,vina_affinity,vina_percentile,rf_prob_lho,rf_percentile_lho,rf_prob_cluster,rf_percentile_cluster,discordance_category,rank_delta,chemical_rationale
CHEMBL4459122,Active,True,419.33,30,-10.026,0.968,0.476,0.108,0.812,0.591,Docking Rescues ML (LHO),0.86,"Active Hydantoin (MW 419.3). Novel scaffold to LHO model (ML prob: 0.476, pct: 0.11). AutoDock Vina binds strongly into the CT325 hydrophobic pocket (-10.03 kcal/mol, pct: 0.97), rescuing ML false-negative through 3D shape/electrostatic complementarity."
CHEMBL4552550,Active,True,417.34,30,-9.429,0.86,0.449,0.097,0.809,0.57,Docking Rescues ML (LHO),0.763,"Active Hydantoin (MW 417.3). Novel scaffold to LHO model (ML prob: 0.449, pct: 0.10). AutoDock Vina binds strongly into the CT325 hydrophobic pocket (-9.43 kcal/mol, pct: 0.86), rescuing ML false-negative through 3D shape/electrostatic complementarity."
CHEMBL4858566,Active,False,447.49,31,-9.144,0.742,0.538,0.161,0.725,0.484,Docking Rescues ML (LHO),0.581,"Active Non-Hydantoin (MW 447.5). Novel scaffold to LHO model (ML prob: 0.538, pct: 0.16). AutoDock Vina binds strongly into the CT325 hydrophobic pocket (-9.14 kcal/mol, pct: 0.74), rescuing ML false-negative through 3D shape/electrostatic complementarity."
CHEMBL4550592,Active,True,347.37,26,-8.775,0.57,0.416,0.032,0.794,0.548,Docking Rescues ML (LHO),0.538,"Active Hydantoin (MW 347.4). Novel scaffold to LHO model (ML prob: 0.416, pct: 0.03). AutoDock Vina binds strongly into the CT325 hydrophobic pocket (-8.78 kcal/mol, pct: 0.57), rescuing ML false-negative through 3D shape/electrostatic complementarity."
CHEMBL4848357,Active,False,433.46,30,-9.018,0.699,0.547,0.172,0.74,0.505,Docking Rescues ML (LHO),0.527,"Active Non-Hydantoin (MW 433.5). Novel scaffold to LHO model (ML prob: 0.547, pct: 0.17). AutoDock Vina binds strongly into the CT325 hydrophobic pocket (-9.02 kcal/mol, pct: 0.70), rescuing ML false-negative through 3D shape/electrostatic complementarity."
CHEMBL3262462,Active,False,375.43,25,-8.254,0.118,0.677,0.935,0.595,0.344,ML Rescues Docking (LHO),-0.817,"Active Non-Hydantoin (MW 375.4). ML recognizes 2D ECFP4 pharmacophore (ML prob: 0.677, pct: 0.94). Vina rigid-receptor docking penalizes compound (-8.25 kcal/mol, pct: 0.12) due to rigid pocket steric clashes or small size (heavy atoms: 25), rescued by 2D ML."
CHEMBL5197700,Active,False,415.5,28,-8.331,0.194,0.616,0.667,0.408,0.097,ML Rescues Docking (LHO),-0.473,"Active Non-Hydantoin (MW 415.5). ML recognizes 2D ECFP4 pharmacophore (ML prob: 0.616, pct: 0.67). Vina rigid-receptor docking penalizes compound (-8.33 kcal/mol, pct: 0.19) due to rigid pocket steric clashes or small size (heavy atoms: 28), rescued by 2D ML."
CHEMBL4453294,Active,False,391.35,28,-8.824,0.602,0.728,0.978,0.499,0.237,ML Rescues Docking (LHO),-0.376,"Active Non-Hydantoin (MW 391.4). ML recognizes 2D ECFP4 pharmacophore (ML prob: 0.728, pct: 0.98). Vina rigid-receptor docking penalizes compound (-8.82 kcal/mol, pct: 0.60) due to rigid pocket steric clashes or small size (heavy atoms: 28), rescued by 2D ML."
CHEMBL1976041,Active,False,377.32,27,-8.888,0.634,0.751,1.0,0.557,0.312,ML Rescues Docking (LHO),-0.366,"Active Non-Hydantoin (MW 377.3). ML recognizes 2D ECFP4 pharmacophore (ML prob: 0.751, pct: 1.00). Vina rigid-receptor docking penalizes compound (-8.89 kcal/mol, pct: 0.63) due to rigid pocket steric clashes or small size (heavy atoms: 27), rescued by 2D ML."
CHEMBL4438645,Active,True,455.41,31,-8.755,0.538,0.658,0.882,0.875,0.871,ML Rescues Docking (LHO),-0.344,"Active Hydantoin (MW 455.4). ML recognizes 2D ECFP4 pharmacophore (ML prob: 0.658, pct: 0.88). Vina rigid-receptor docking penalizes compound (-8.76 kcal/mol, pct: 0.54) due to rigid pocket steric clashes or small size (heavy atoms: 31), rescued by 2D ML."
CHEMBL4760909,Inactive,False,482.57,33,-10.643,1.0,0.623,0.742,0.425,0.118,Docking False Positive (Size-Bias),0.258,"Inactive Non-Hydantoin with high MW (482.6 Da, 33 heavy atoms). AutoDock Vina empirical size-bias assigns top affinity (-10.64 kcal/mol, pct 1.00) due to accumulated non-specific hydrophobic contacts, despite lacking key biochemical DprE1 interactions."
CHEMBL4749411,Inactive,False,464.56,32,-9.797,0.946,0.623,0.731,0.387,0.075,Docking False Positive (Size-Bias),0.215,"Inactive Non-Hydantoin with high MW (464.6 Da, 32 heavy atoms). AutoDock Vina empirical size-bias assigns top affinity (-9.80 kcal/mol, pct 0.95) due to accumulated non-specific hydrophobic contacts, despite lacking key biochemical DprE1 interactions."
CHEMBL4434826,Inactive,True,499.5,35,-9.535,0.925,0.629,0.78,0.859,0.763,Docking False Positive (Size-Bias),0.145,"Inactive Hydantoin with high MW (499.5 Da, 35 heavy atoms). AutoDock Vina empirical size-bias assigns top affinity (-9.54 kcal/mol, pct 0.92) due to accumulated non-specific hydrophobic contacts, despite lacking key biochemical DprE1 interactions."
CHEMBL3109797,Inactive,False,492.0,35,-9.504,0.914,0.696,0.946,0.682,0.452,Docking False Positive (Size-Bias),-0.032,"Inactive Non-Hydantoin with high MW (492.0 Da, 35 heavy atoms). AutoDock Vina empirical size-bias assigns top affinity (-9.50 kcal/mol, pct 0.91) due to accumulated non-specific hydrophobic contacts, despite lacking key biochemical DprE1 interactions."
CHEMBL5172812,Inactive,False,443.55,30,-9.49,0.903,0.622,0.704,0.434,0.151,Docking False Positive (Size-Bias),0.199,"Inactive Non-Hydantoin with high MW (443.6 Da, 30 heavy atoms). AutoDock Vina empirical size-bias assigns top affinity (-9.49 kcal/mol, pct 0.90) due to accumulated non-specific hydrophobic contacts, despite lacking key biochemical DprE1 interactions."
