molecule_chembl_id,label,discordance_category,molecular_weight,heavy_atom_count,vina_affinity,vina_percentile,ligand_efficiency,rf_prob_lho,rf_prob_cluster,min_dist_fad_ring,min_dist_cys387_sg,min_dist_tyr314_ring,min_dist_lys418_nz,min_dist_receptor,contacts_fad_4A,contacts_cys387_4A,contacts_tyr314_4A,contacts_lys418_4A,total_pocket_contacts_4A,contact_residue_count_4A,top_contact_residues,structural_mechanism
CHEMBL4459122,Active,Docking Rescues ML (LHO),419.33,30,-10.026,0.968,0.334,0.476,0.812,3.2,3.5,4.78,2.74,2.74,23,4,0,6,74,14,FAD_501:23;VAL_365:11;GLY_117:7;LYS_418:6;GLN_334:5;TYR_60:5;CYS_387:4;LYS_134:4,"3D Pocket Complementarity: Deep insertion over FAD isoalloxazine (23 contacts, min 3.20 Å) and Cys387 SG (4 contacts, min 3.50 Å) with high LE (0.334). Rescues false-negative ML probability (0.476) caused by lack of 2D training congeners."
CHEMBL4552550,Active,Docking Rescues ML (LHO),417.34,30,-9.429,0.86,0.314,0.449,0.809,3.2,3.47,4.16,2.9,2.87,23,4,0,5,75,14,FAD_501:23;VAL_365:9;GLY_117:7;LYS_134:7;LYS_418:5;GLN_334:5;TYR_60:5;GLY_133:5,"3D Pocket Complementarity: Deep insertion over FAD isoalloxazine (23 contacts, min 3.20 Å) and Cys387 SG (4 contacts, min 3.47 Å) with high LE (0.314). Rescues false-negative ML probability (0.449) caused by lack of 2D training congeners."
CHEMBL4858566,Active,Docking Rescues ML (LHO),447.49,31,-9.144,0.742,0.295,0.538,0.725,3.29,3.38,3.28,3.36,3.24,20,2,8,1,75,15,FAD_501:20;LYS_134:8;TYR_314:8;VAL_365:6;GLY_133:5;HIS_132:5;GLY_117:5;LYS_367:4,"3D Pocket Complementarity: Deep insertion over FAD isoalloxazine (20 contacts, min 3.29 Å) and Cys387 SG (2 contacts, min 3.38 Å) with high LE (0.295). Rescues false-negative ML probability (0.538) caused by lack of 2D training congeners."
CHEMBL4550592,Active,Docking Rescues ML (LHO),347.37,26,-8.775,0.57,0.338,0.416,0.794,3.17,3.79,5.65,4.56,3.17,13,4,0,0,58,14,FAD_501:13;VAL_365:11;LEU_363:9;GLY_117:5;HIS_132:4;CYS_387:4;LYS_134:3;PRO_316:3,"3D Pocket Complementarity: Deep insertion over FAD isoalloxazine (13 contacts, min 3.17 Å) and Cys387 SG (4 contacts, min 3.79 Å) with high LE (0.338). Rescues false-negative ML probability (0.416) caused by lack of 2D training congeners."
CHEMBL4848357,Active,Docking Rescues ML (LHO),433.46,30,-9.018,0.699,0.301,0.547,0.74,3.43,3.64,4.44,5.02,2.74,8,1,2,0,67,17,VAL_365:10;FAD_501:8;TYR_60:7;ASP_389:7;HIS_132:6;TRP_230:5;LEU_363:5;LYS_134:4,"3D Pocket Complementarity: Deep insertion over FAD isoalloxazine (8 contacts, min 3.43 Å) and Cys387 SG (1 contacts, min 3.64 Å) with high LE (0.301). Rescues false-negative ML probability (0.547) caused by lack of 2D training congeners."
CHEMBL3262462,Active,ML Rescues Docking (LHO),375.43,25,-8.254,0.118,0.33,0.677,0.595,3.25,4.25,5.42,3.62,3.19,8,1,0,1,52,16,VAL_365:10;FAD_501:8;LEU_363:7;GLN_334:4;TRP_230:4;HIS_132:3;ASP_389:2;TYR_60:2,"Conserved 2D Pharmacophore: Strong ML active probability (0.677) based on circular fingerprints. Docking penalizes ligand (-8.25 kcal/mol) due to lower molecular weight (375.4 Da, 25 HA) and fewer surface accumulation contacts (52 pairwise) in rigid 4P8K conformation."
CHEMBL5197700,Active,ML Rescues Docking (LHO),415.5,28,-8.331,0.194,0.298,0.616,0.408,3.24,3.61,3.67,2.99,2.99,20,5,2,2,61,16,FAD_501:20;VAL_365:7;TRP_230:6;CYS_387:5;GLY_117:4;HIS_132:4;TYR_314:2;LEU_363:2,"Conserved 2D Pharmacophore: Strong ML active probability (0.616) based on circular fingerprints. Docking penalizes ligand (-8.33 kcal/mol) due to lower molecular weight (415.5 Da, 28 HA) and fewer surface accumulation contacts (61 pairwise) in rigid 4P8K conformation."
CHEMBL4453294,Active,ML Rescues Docking (LHO),391.35,28,-8.824,0.602,0.315,0.728,0.499,3.53,4.36,3.84,5.9,2.71,6,0,7,0,72,14,GLY_117:9;VAL_365:8;TYR_60:7;TYR_314:7;ASP_389:6;FAD_501:6;HIS_315:6;GLY_133:5,"Conserved 2D Pharmacophore: Strong ML active probability (0.728) based on circular fingerprints. Docking penalizes ligand (-8.82 kcal/mol) due to lower molecular weight (391.4 Da, 28 HA) and fewer surface accumulation contacts (72 pairwise) in rigid 4P8K conformation."
CHEMBL1976041,Active,ML Rescues Docking (LHO),377.32,27,-8.888,0.634,0.329,0.751,0.557,3.34,3.4,4.42,3.05,2.95,15,3,0,5,70,15,FAD_501:15;VAL_365:8;TRP_230:5;LYS_418:5;GLN_334:5;GLY_133:5;LYS_134:5;LEU_363:4,"Conserved 2D Pharmacophore: Strong ML active probability (0.751) based on circular fingerprints. Docking penalizes ligand (-8.89 kcal/mol) due to lower molecular weight (377.3 Da, 27 HA) and fewer surface accumulation contacts (70 pairwise) in rigid 4P8K conformation."
CHEMBL4438645,Active,ML Rescues Docking (LHO),455.41,31,-8.755,0.538,0.282,0.658,0.875,3.12,3.42,3.99,2.79,2.79,19,4,4,3,86,16,FAD_501:19;TRP_230:12;VAL_365:11;LEU_363:9;GLY_117:5;PRO_316:5;CYS_387:4;TYR_314:4,"Conserved 2D Pharmacophore: Strong ML active probability (0.658) based on circular fingerprints. Docking penalizes ligand (-8.76 kcal/mol) due to lower molecular weight (455.4 Da, 31 HA) and fewer surface accumulation contacts (86 pairwise) in rigid 4P8K conformation."
CHEMBL4760909,Inactive,Docking False Positive (Size-Bias),482.57,33,-10.643,1.0,0.323,0.623,0.425,3.01,3.6,4.03,2.78,2.78,10,3,4,2,78,19,FAD_501:10;VAL_365:8;ASP_389:7;LYS_134:6;TYR_60:6;TRP_230:5;HIS_132:5;ALA_326:5,"Molecular Size Artifact: Bulky inactive (MW 482.6 Da, 33 HA) spans 19 pocket residues accumulating 78 non-specific contacts across pocket floor. High raw Vina score (-10.64 kcal/mol) driven by volume rather than specific binding; diluted LE (0.323). ML correctly de-prioritizes."
CHEMBL4749411,Inactive,Docking False Positive (Size-Bias),464.56,32,-9.797,0.946,0.306,0.623,0.387,2.94,2.94,3.13,3.59,2.94,17,3,8,1,85,15,FAD_501:17;HIS_315:12;VAL_365:11;GLY_117:8;TYR_314:8;LYS_134:5;ARG_119:5;HIS_132:4,"Molecular Size Artifact: Bulky inactive (MW 464.6 Da, 32 HA) spans 15 pocket residues accumulating 85 non-specific contacts across pocket floor. High raw Vina score (-9.80 kcal/mol) driven by volume rather than specific binding; diluted LE (0.306). ML correctly de-prioritizes."
CHEMBL4434826,Inactive,Docking False Positive (Size-Bias),499.5,35,-9.535,0.925,0.272,0.629,0.859,3.3,3.11,3.67,3.92,2.83,9,5,3,2,68,17,VAL_365:11;FAD_501:9;LEU_363:7;TYR_60:5;CYS_387:5;LYS_134:4;ASP_389:4;TRP_230:3,"Molecular Size Artifact: Bulky inactive (MW 499.5 Da, 35 HA) spans 17 pocket residues accumulating 68 non-specific contacts across pocket floor. High raw Vina score (-9.54 kcal/mol) driven by volume rather than specific binding; diluted LE (0.272). ML correctly de-prioritizes."
CHEMBL3109797,Inactive,Docking False Positive (Size-Bias),492.0,35,-9.504,0.914,0.272,0.696,0.682,3.22,3.63,5.94,4.23,3.08,15,1,0,0,57,15,FAD_501:15;VAL_365:9;ALA_326:5;HIS_132:5;TRP_16:4;TYR_60:4;PHE_332:3;LYS_367:3,"Molecular Size Artifact: Bulky inactive (MW 492.0 Da, 35 HA) spans 15 pocket residues accumulating 57 non-specific contacts across pocket floor. High raw Vina score (-9.50 kcal/mol) driven by volume rather than specific binding; diluted LE (0.272). ML correctly de-prioritizes."
CHEMBL5172812,Inactive,Docking False Positive (Size-Bias),443.55,30,-9.49,0.903,0.316,0.622,0.434,3.25,3.45,3.63,3.04,3.03,19,3,6,4,73,18,FAD_501:19;TRP_230:7;TYR_314:6;GLY_117:5;VAL_365:5;GLN_334:5;HIS_132:4;LYS_418:4,"Molecular Size Artifact: Bulky inactive (MW 443.6 Da, 30 HA) spans 18 pocket residues accumulating 73 non-specific contacts across pocket floor. High raw Vina score (-9.49 kcal/mol) driven by volume rather than specific binding; diluted LE (0.316). ML correctly de-prioritizes."
