citation,doi,bucket,n_compounds,features_descriptors,models_evaluated,split_type,reported_metrics,methodological_limitation,crossref_title,crossref_year,crossref_journal,doi_status
Makarov et al. (2009) Science 324(5928):801-804,10.1126/science.1171583,Bucket 1 (Biology & Chemistry),35,"X-ray crystallography, mass spec, TLC metabolite analysis","Enzymatic assay, Whole-cell MIC",None (SAR series),"MIC = 0.004 ug/mL (BTZ043), Cys387 adduct",Mechanistic biology study; lacked quantitative machine learning benchmarking or systematic non-covalent comparisons,"Benzothiazinones Kill
                    <i>Mycobacterium tuberculosis</i>
                    by Blocking Arabinan Synthesis",2009,Science,HTTP 200 (Verified)
Batt et al. (2012) Proc Natl Acad Sci USA 109(28):11354-11359,10.1073/pnas.1205735109,Bucket 1 (Biology & Chemistry),42,"X-ray crystallography (PDB 4FF6), nitroreduction kinetics","Covalent inhibition kinetics, FPR assay",None (Biophysical/crystallographic),"2.6 A resolution, k_inact/K_I = 1.8e5 M^-1 s^-1",Focused on covalent suicide inhibition; did not establish predictive screening models for non-covalent chemotypes,"Structural basis of inhibition of
                    <i>Mycobacterium tuberculosis</i>
                    DprE1 by benzothiazinone inhibitors",2012,Proceedings of the National Academy of Sciences,HTTP 200 (Verified)
Shirude et al. (2014) J Med Chem 57(13):5728-5737,10.1021/jm500571f,Bucket 1 (Biology & Chemistry),68,"1,4-azaindole SAR, DprE1 enzyme inhibition, hERG assays","Biochemical assay, Docking (Glide)",None (Medicinal chemistry analog series),"IC50 = 30 nM (TBA-7371), MIC = 0.78 uM",Non-covalent azaindole series; lacked cross-scaffold generalization benchmarks and rigorous negative controls,"Lead Optimization of 1,4-Azaindoles as Antimycobacterial Agents",2014,Journal of Medicinal Chemistry,HTTP 200 (Verified)
Panda et al. (2014) ACS Chem Biol 10(2):415-424,10.1021/cb5007163,Bucket 1 (Biology & Chemistry),38,"X-ray crystallography (PDB 4P8K/4P8L), quinoxaline SAR","Biochemical FPR assay, Whole-cell H37Rv",None (Synthetic series),"IC50 = 10 nM (CT325), 2.25 A resolution",Evaluated non-covalent 2-carboxyquinoxalines; limited chemical diversity confined to single quinoxaline chemotype,"2-Carboxyquinoxalines Kill
                    <i>Mycobacterium tuberculosis</i>
                    through Noncovalent Inhibition of DprE1",2014,ACS Chemical Biology,HTTP 200 (Verified)
Lechartier et al. (2014) EMBO Mol Med 6(2):177-189,10.1002/emmm.201303575,Bucket 1 (Biology & Chemistry),24,"Structure-activity profiling, whole-cell MIC, in vivo efficacy","PDB 4NCR co-crystal, enzyme inhibition, murine infection models",None (Preclinical candidate profiling),"MIC = 0.75 ng/mL (PBTZ169), 1.88 A resolution",Preclinical lead optimization focused exclusively on piperazine-containing BTZs without computational benchmark evaluation,Towards a new combination therapy for tuberculosis with next generation benzothiazinones,2014,EMBO Molecular Medicine,HTTP 200 (Verified)
Tiwari et al. (2018) Sci Rep 8:12866,10.1038/s41598-018-31316-6,Bucket 1 (Biology & Chemistry),30,"Nitro/nitroso/hydroxylamino intermediates, PDB 6HEZ/6HF0","Enzymatic kinetics, mass spectrometry, X-ray crystallography",None (Mechanistic),"2.3 A resolution (PDB 6HEZ), reaction intermediate trapping",Elucidated intermediate chemistry of covalent reduction but did not benchmark screening algorithms,"Novel insight into the reaction of nitro, nitroso and hydroxylamino benzothiazinones and of benzoxacinones with Mycobacterium tuberculosis DprE1",2018,Scientific Reports,HTTP 200 (Verified)
Spyrakis et al. (2017) Angew Chem Int Ed 56(49):15673-15677,10.1002/anie.201707324,Bucket 1 (Biology & Chemistry),52,"Thiophene core variations, CYP2C9 selectivity profiling","X-ray crystallography (PDB 5OEL), enzymatic inhibition, ITC",None (Targeted medicinal chemistry),"IC50 = 18 nM, 2.2 A resolution",High affinity achieved within thiophene series but narrow scaffold breadth precludes generalized cross-scaffold learning,Determinants of the Inhibition of DprE1 and CYP2C9 by Antitubercular Thiophenes,2017,Angewandte Chemie International Edition,HTTP 200 (Verified)
Gao et al. (2019) J Med Chem 62(7):3513-3522,10.1021/acs.jmedchem.8b01356,Bucket 1 (Biology & Chemistry),34,"Hydantoin series SAR, FPR enzymatic inhibition, cytotoxicity","DprE1 biochemical IC50, M. tuberculosis H37Rv MIC",None (Analog series),"IC50 = 0.03 uM (lead hydantoin), MIC = 0.125 ug/mL",Published the dominant hydantoin series representing 33% of ChEMBL DprE1 data; single-paper chemotype dominance,Identification and Profiling of Hydantoins—A Novel Class of Potent Antimycobacterial DprE1 Inhibitors,2018,Journal of Medicinal Chemistry,HTTP 200 (Verified)
Kidwai et al. (2024) Sci Rep 14:11598,10.1038/s41598-024-61901-x,Bucket 2 (Computational & Screening Studies on DprE1),1200,"Bemis-Murcko alignment, e-pharmacophore, 3D-QSAR, docking","Phase pharmacophore, Glide XP, MM-GBSA, 100ns MD",Random training/test split (75/25),"R^2 = 0.89, Q^2 = 0.68, Docking score = -9.2 kcal/mol",Utilized random split for QSAR validation rather than out-of-scaffold partitioning; unverified prospective hit rate,Identification of DprE1 inhibitors for tuberculosis through integrated in-silico approaches,2024,Scientific Reports,HTTP 200 (Verified)
Shukla et al. (2022) Sci Rep 12:15615,10.1038/s41598-022-20325-1,Bucket 2 (Computational & Screening Studies on DprE1),34,"Hydantoin core descriptors, pharmacophore mapping, docking","AutoDock Vina, 3D-QSAR, Molecular Dynamics",None (Congeneric series evaluation),"Docking affinity = -8.7 kcal/mol, RMSD < 1.5 A",Evaluated solely within the hydantoin series; scoring function biased by high molecular weight analogs,Identification of hydantoin based Decaprenylphosphoryl-β-d-Ribose Oxidase (DprE1) inhibitors as antimycobacterial agents using computational tools,2022,Scientific Reports,HTTP 200 (Verified)
Degiacomi et al. (2020) Appl Sci 10(2):623,10.3390/app10020623,Bucket 2 (Computational & Screening Studies on DprE1),450,"Physicochemical profiles, lipophilicity, promiscuity index","Target deconvolution, pan-assay interference comparison",Target-wise comparison (DprE1 vs MmpL3),"Cross-target hit rate analysis, selectivity ratios",Review and retrospective analysis; lacks reproducible machine learning benchmark code,Promiscuous Targets for Antitubercular Drug Discovery: The Paradigm of DprE1 and MmpL3,2020,Applied Sciences,HTTP 200 (Verified)
Robertson et al. (2020) ACS Infect Dis 6(5):1208-1221,10.1021/acsinfecdis.0c00778,Bucket 2 (Computational & Screening Studies on DprE1),140,"Pyrazolopyridone core SAR, DprE1 binding cavity volume","Glide XP docking, enzymatic FPR assay, MIC",Series-based selection,"IC50 = 0.08 uM, Docking pose correlation R^2 = 0.38","Docking score correlated poorly with experimental pIC50, demonstrating empirical scoring deficiencies",Featured Article Editorial,2020,ACS Infectious Diseases,HTTP 200 (Verified)
Piton et al. (2018) ACS Chem Biol 13(10):2845-2850,10.1021/acschembio.8b00790,Bucket 2 (Computational & Screening Studies on DprE1),25,"Fluorescent benzothiazinone probes, enzyme binding competition","Fluorescence polarization, covalent displacement kinetics",None (Assay development),"K_d = 14 nM, Z-factor = 0.82",Focused on assay design; sample size too small for statistical machine learning training,Fluorescent Benzothiazinone Analogues Efficiently and Selectively Label Dpre1 in Mycobacteria and Actinobacteria,2018,ACS Chemical Biology,HTTP 200 (Verified)
Chikhale et al. (2014) BMC Infect Dis 14(Suppl 3):E24,10.1186/1471-2334-14-s3-e24,Bucket 2 (Computational & Screening Studies on DprE1),45,"Dual target pharmacophore, shape-based screening","AutoDock 4.2, FlexX docking, ADME filters",Virtual screening cascade (no split),Binding free energy = -9.8 kcal/mol,In silico docking study lacking prospective biological validation or decoy-controlled statistical metrics,Development of dual inhibitors targeting DprE1 and AHAS for treatment of Mycobacterium tuberculosis infection,2014,BMC Infectious Diseases,HTTP 200 (Verified)
Verma et al. (2020) Mol Simul 46(2):107-117,10.1080/08927022.2019.1659507,Bucket 2 (Computational & Screening Studies on DprE1),38,"Atom-based 3D-QSAR, electrostatic and steric field descriptors","Partial Least Squares (PLS), AutoDock Vina, 50ns MD",Random test set (20%),"R^2 = 0.91, Q^2 = 0.74, Pearson r = 0.82",High performance driven by random split across structurally congeneric benzothiazinones,"Decoding the signature of molecular mechanism involved in mutation associated resistance to 1, 3-benzothiazin-4-ones (Btzs) based DprE1 inhibitors using BTZ043 as a reference drug",2019,Molecular Simulation,HTTP 200 (Verified)
Bemis & Murcko (1996) J Med Chem 39(15):2887-2893,10.1021/jm9602928,Bucket 3 (Methodology & Benchmark Critique),5120,"Molecular frameworks, ring systems, atom-typed linkers",Graph topology decomposition algorithm,Retrospective drug database analysis,50% of known drugs spanned by only 32 central framework shapes,Foundational framework paper; did not quantify machine learning generalization error under scaffold splits,The Properties of Known Drugs. 1. Molecular Frameworks,1996,Journal of Medicinal Chemistry,HTTP 200 (Verified)
Wallach & Heifets (2018) J Chem Inf Model 58(5):916-932,10.1021/acs.jcim.7b00403,Bucket 3 (Methodology & Benchmark Critique),150000,"ECFP4, ECFP6, circular fingerprints, graph topologies","Random Forest, Deep Neural Networks, Support Vector Machines",Scaffold split vs Random split cross-validation,PR-AUC collapsed by 35-55% under scaffold splits across multiple targets,Demonstrated benchmark memorization; did not evaluate structure-based docking as an orthogonal scoring feature,Most Ligand-Based Classification Benchmarks Reward Memorization Rather than Generalization,2018,Journal of Chemical Information and Modeling,HTTP 200 (Verified)
Sieg et al. (2019) J Chem Inf Model 59(3):947-961,10.1021/acs.jcim.8b00712,Bucket 3 (Methodology & Benchmark Critique),85000,"Physicochemical matching, active/decoy distributions (LIT-PCBA)","AutoDock Vina, Glide, CNN scoring, Random Forest",Target-held-out cross-validation,ROC-AUC inflated by up to 0.28 due to decoy property mismatch,Revealed artificial enrichment in virtual screening benchmarks; highlights necessity of measured inactives,In Need of Bias Control: Evaluating Chemical Data for Machine Learning in Structure-Based Virtual Screening,2019,Journal of Chemical Information and Modeling,HTTP 200 (Verified)
Chaput et al. (2016) J Cheminform 8:36,10.1186/s13321-016-0167-x,Bucket 3 (Methodology & Benchmark Critique),12400,"Molecular weight, rotatable bonds, active/decoy composition","AutoDock Vina, Surflex-Dock, Dock6, Gold","Diverse target benchmarking (DUD-E, CASF)",Vina performance heavily determined by dataset composition and size bias,Proved active/decoy dataset composition is the primary determinant of measured docking performance,Benchmark of four popular virtual screening programs: construction of the active/decoy dataset remains a major determinant of measured performance,2016,Journal of Cheminformatics,HTTP 200 (Verified)
Chen (2015) Trends Pharmacol Sci 36(2):78-95,10.1016/j.tips.2014.12.001,Bucket 3 (Methodology & Benchmark Critique),500,"Receptor flexibility, water mediation, scoring function weights","AutoDock, DOCK, Glide, GOLD, FlexX",Methodological review & critical appraisal,Redocking RMSD < 2.0 A achieved in only 40-70% of cross-docking benchmarks,"Critiqued docking false-positive rates, scoring function limitations, and lack of rigorous baseline controls",Beware of docking!,2015,Trends in Pharmacological Sciences,HTTP 200 (Verified)
Yang et al. (2019) J Chem Inf Model 59(8):3370-3388,10.1021/acs.jcim.9b00237,Bucket 3 (Methodology & Benchmark Critique),110000,Directed Message Passing Neural Network (D-MPNN) vs Morgan fingerprints,"Chemprop (D-MPNN), Random Forest, XGBoost, SVM",Scaffold split vs Random split across MoleculeNet,Scaffold split reduced ROC-AUC by 0.10-0.25 across all benchmark targets,Demonstrated that scaffold splits are required for realistic virtual screening assessment,Analyzing Learned Molecular Representations for Property Prediction,2019,Journal of Chemical Information and Modeling,HTTP 200 (Verified)
Imrie et al. (2021) Bioinformatics 37(15):2134-2141,10.1093/bioinformatics/btab080,Bucket 3 (Methodology & Benchmark Critique),45000,"Graph convolutional generative models, property matching (MW, logP, HBD, HBA)",Deep generative models (DeepCoy) vs traditional decoys (DUD-E),Decoy evaluation benchmarks,Eliminated artificial decoy enrichment artifacts; reduced false model confidence,Showed AI virtual screening models memorize decoy generation flaws unless rigorously controlled,Generating property-matched decoy molecules using deep learning,2021,Bioinformatics,HTTP 200 (Verified)
