cohort,method,n_samples,n_actives,n_inactives,roc_auc_orig,roc_auc_ci_lower,roc_auc_ci_upper,pr_auc_orig,pr_auc_ci_lower,pr_auc_ci_upper,ef_10_orig,ef_10_ci_lower,ef_10_ci_upper,ef_1_orig,delta_roc_orig,delta_roc_ci_lower,delta_roc_ci_upper,delta_pr_orig,delta_pr_ci_lower,delta_pr_ci_upper
Track B: Cluster 5-Fold CV (N=93),Baseline 0 (Random Floor),93,67,26,0.5,0.5,0.5,0.7204,0.6344,0.8065,0.7711,0.5988,1.3881,0.0,,,,,,
Track B: Cluster 5-Fold CV (N=93),Baseline 1 (Hydantoin Detector),93,67,26,0.6596,0.5415,0.7582,0.7954,0.6978,0.8786,0.9254,0.7949,1.4762,0.0,,,,,,
Track B: Cluster 5-Fold CV (N=93),Baseline 2 (1-NN Tanimoto),93,67,26,0.6162,0.4954,0.7417,0.8199,0.7176,0.9013,1.3881,0.9903,1.55,1.3881,,,,,,
Track B: Cluster 5-Fold CV (N=93),AutoDock Vina (Raw Affinity),93,67,26,0.6102,0.4632,0.7462,0.7575,0.6543,0.8838,0.7711,0.4429,1.2917,0.0,,,,,,
Track B: Cluster 5-Fold CV (N=93),AutoDock Vina (Ligand Efficiency),93,67,26,0.4638,0.3128,0.623,0.6795,0.5694,0.8143,0.9254,0.3563,1.2338,0.0,,,,,,
Track B: Cluster 5-Fold CV (N=93),Random Forest (ECFP4 Counts),93,67,26,0.6998,0.5591,0.8141,0.8329,0.7232,0.9242,0.9254,0.6169,1.4253,1.3881,,,,,,
Track B: Cluster 5-Fold CV (N=93),Logistic Regression (ECFP4 Counts),93,67,26,0.6774,0.5401,0.7936,0.8065,0.6938,0.9167,0.9254,0.5652,1.3881,1.3881,,,,,,
Track B: Cluster 5-Fold CV (N=93),RRF (RF + Vina),93,67,26,0.6969,0.5516,0.8318,0.814,0.7008,0.9198,1.0796,0.6776,1.4531,1.3881,-0.0029,-0.1389,0.1133,-0.0189,-0.0949,0.0508
Track B: Cluster 5-Fold CV (N=93),RRF (LR + Vina),93,67,26,0.6914,0.5434,0.8261,0.7872,0.6838,0.9121,0.9254,0.5165,1.4011,0.0,0.0141,-0.1005,0.1137,-0.0193,-0.0716,0.0349
Track B: Cluster 5-Fold CV (N=93),RRF (RF + LE-Vina),93,67,26,0.5861,0.4564,0.7126,0.7729,0.66,0.8857,1.0796,0.6357,1.4011,1.3881,-0.1137,-0.2485,0.0265,-0.0599,-0.1556,0.035
Track B: Cluster 5-Fold CV (N=93),MPR (RF + Vina),93,67,26,0.7265,0.59,0.8487,0.8289,0.7264,0.9344,1.2338,0.7946,1.4762,1.3881,0.0267,-0.0953,0.1376,-0.004,-0.0757,0.0763
Track B: Cluster 5-Fold CV (N=93),Z-Score Sum (RF + Vina),93,67,26,0.7072,0.5668,0.8335,0.8256,0.7197,0.9295,1.0796,0.6664,1.4308,1.3881,0.0075,-0.1311,0.1188,-0.0073,-0.0957,0.0784
Track C: Leave-Hydantoin-Out (N=93),Baseline 0 (Random Floor),93,67,26,0.5,0.5,0.5,0.7204,0.6344,0.8065,0.7711,0.5988,1.3881,0.0,,,,,,
Track C: Leave-Hydantoin-Out (N=93),Baseline 1 (Hydantoin Detector),93,67,26,0.6596,0.5415,0.7582,0.7954,0.6978,0.8786,0.9254,0.7949,1.4762,0.0,,,,,,
Track C: Leave-Hydantoin-Out (N=93),Baseline 2 (1-NN Tanimoto),93,67,26,0.5247,0.3939,0.6565,0.7451,0.6416,0.8551,0.9254,0.4842,1.3778,1.3881,,,,,,
Track C: Leave-Hydantoin-Out (N=93),AutoDock Vina (Raw Affinity),93,67,26,0.6102,0.4632,0.7462,0.7575,0.6543,0.8838,0.7711,0.4429,1.2917,0.0,,,,,,
Track C: Leave-Hydantoin-Out (N=93),AutoDock Vina (Ligand Efficiency),93,67,26,0.4638,0.3128,0.623,0.6795,0.5694,0.8143,0.9254,0.3563,1.2338,0.0,,,,,,
Track C: Leave-Hydantoin-Out (N=93),Random Forest (ECFP4 Counts),93,67,26,0.5267,0.4023,0.6462,0.7771,0.6765,0.871,1.2338,0.8986,1.5,1.3881,,,,,,
Track C: Leave-Hydantoin-Out (N=93),Logistic Regression (ECFP4 Counts),93,67,26,0.7032,0.5633,0.8236,0.8279,0.7195,0.9231,1.0796,0.6889,1.4308,1.3881,,,,,,
Track C: Leave-Hydantoin-Out (N=93),RRF (RF + Vina),93,67,26,0.5873,0.4429,0.7147,0.761,0.6508,0.8845,1.0796,0.6456,1.4096,0.0,0.0606,-0.0127,0.1379,-0.0161,-0.0602,0.0439
Track C: Leave-Hydantoin-Out (N=93),RRF (LR + Vina),93,67,26,0.6774,0.5271,0.8124,0.7855,0.6796,0.9105,0.9254,0.558,1.3679,0.0,-0.0258,-0.1146,0.0635,-0.0424,-0.0921,0.0202
Track C: Leave-Hydantoin-Out (N=93),RRF (RF + LE-Vina),93,67,26,0.4211,0.2978,0.5471,0.7308,0.6196,0.8329,1.3881,0.8333,1.5246,1.3881,-0.1056,-0.2472,0.043,-0.0463,-0.121,0.0222
Track C: Leave-Hydantoin-Out (N=93),MPR (RF + Vina),93,67,26,0.587,0.4426,0.7143,0.7614,0.6501,0.8848,1.0796,0.6982,1.4308,0.0,0.0603,-0.0153,0.1428,-0.0157,-0.0584,0.0412
Track C: Leave-Hydantoin-Out (N=93),Z-Score Sum (RF + Vina),93,67,26,0.5844,0.446,0.7175,0.7561,0.6532,0.8813,1.0796,0.626,1.4091,0.0,0.0577,-0.0196,0.1474,-0.021,-0.0749,0.0506
Non-Hydantoin Independent Test Subset (N=43),Baseline 0 (Random Floor),43,25,18,0.5,0.5,0.5,0.5814,0.4186,0.7442,0.0,0.3583,1.7917,0.0,,,,,,
Non-Hydantoin Independent Test Subset (N=43),Baseline 1 (Hydantoin Detector),43,25,18,0.5,0.5,0.5,0.5814,0.4186,0.7442,0.0,0.3583,1.7917,0.0,,,,,,
Non-Hydantoin Independent Test Subset (N=43),Baseline 2 (1-NN Tanimoto),43,25,18,0.5867,0.3925,0.7654,0.6632,0.4778,0.85,1.29,0.3704,1.9545,1.72,,,,,,
Non-Hydantoin Independent Test Subset (N=43),AutoDock Vina (Raw Affinity),43,25,18,0.6467,0.4695,0.8201,0.6564,0.5031,0.8808,0.86,0.0,1.6125,0.0,,,,,,
Non-Hydantoin Independent Test Subset (N=43),AutoDock Vina (Ligand Efficiency),43,25,18,0.5344,0.3443,0.7095,0.667,0.4868,0.8363,1.29,0.4886,2.0476,1.72,,,,,,
Non-Hydantoin Independent Test Subset (N=43),Random Forest (ECFP4 Counts),43,25,18,0.66,0.4913,0.8097,0.7897,0.6215,0.919,1.72,1.0238,2.2632,1.72,,,,,,
Non-Hydantoin Independent Test Subset (N=43),Logistic Regression (ECFP4 Counts),43,25,18,0.7044,0.5241,0.871,0.7111,0.541,0.932,0.86,0.0,1.7936,0.0,,,,,,
Non-Hydantoin Independent Test Subset (N=43),RRF (RF + Vina),43,25,18,0.7089,0.5429,0.8783,0.7242,0.5538,0.9287,1.29,0.0,1.9545,0.0,0.0489,-0.0679,0.1978,-0.0654,-0.1497,0.0549
Non-Hydantoin Independent Test Subset (N=43),RRF (LR + Vina),43,25,18,0.6867,0.5089,0.8657,0.6679,0.5088,0.9058,0.86,0.0,1.5926,0.0,-0.0178,-0.1469,0.1086,-0.0432,-0.1612,0.0592
Non-Hydantoin Independent Test Subset (N=43),RRF (RF + LE-Vina),43,25,18,0.64,0.469,0.8104,0.7873,0.6339,0.9078,1.72,1.3438,2.2663,1.72,-0.02,-0.1629,0.1231,-0.0024,-0.1071,0.092
Non-Hydantoin Independent Test Subset (N=43),MPR (RF + Vina),43,25,18,0.7056,0.5389,0.868,0.7264,0.5571,0.9231,1.29,0.3176,2.0476,0.0,0.0456,-0.0714,0.1935,-0.0633,-0.1458,0.0508
Non-Hydantoin Independent Test Subset (N=43),Z-Score Sum (RF + Vina),43,25,18,0.6978,0.5309,0.8629,0.7038,0.5445,0.923,0.86,0.0,1.8696,0.0,0.0378,-0.0882,0.184,-0.0858,-0.2007,0.0523
