canonical_smiles,molecule_chembl_ids,label,is_active,is_hydantoin,molecular_weight,vina_affinity,vina_score,pose_path,status
C=C(C)C(=O)Nc1cc(C(F)(F)F)cc2c(=O)nc(N3CCC4(CC3)OC[C@H](C)O4)sc12,CHEMBL6142943,Inactive,0,False,469.49,-8.687,8.687,docking/outputs/poses/dock_000_CHEMBL6142943.pdbqt,SUCCESS
C=CC(=O)Nc1cc(C(F)(F)F)cc2c(=O)nc(N3CCC4(CC3)OC[C@H](C)O4)sc12,CHEMBL6092053,Inactive,0,False,455.46,-8.645,8.645,docking/outputs/poses/dock_001_CHEMBL6092053.pdbqt,SUCCESS
C=CP(=O)(Nc1cc(C(F)(F)F)cc2c(=O)nc(N3CCC4(CC3)OC[C@H](C)O4)sc12)OCC,CHEMBL6143491,Inactive,0,False,519.48,-8.149,8.149,docking/outputs/poses/dock_002_CHEMBL6143491.pdbqt,SUCCESS
CC(=O)CN1C(=O)NC(C)(c2ccc(S(N)(=O)=O)cc2)C1=O,CHEMBL4442256,Inactive,0,True,325.35,-8.163,8.163,docking/outputs/poses/dock_003_CHEMBL4442256.pdbqt,SUCCESS
CC1(c2ccc(C#N)cc2)NC(=O)N(CC(=O)c2ccc(Cl)s2)C1=O,CHEMBL4438483,Active,1,True,373.82,-8.314,8.314,docking/outputs/poses/dock_004_CHEMBL4438483.pdbqt,SUCCESS
CC1(c2ccc(C#N)cc2)NC(=O)N(CC(=O)c2ccc(F)c(C(F)(F)F)c2)C1=O,CHEMBL4459122,Active,1,True,419.33,-10.026,10.026,docking/outputs/poses/dock_005_CHEMBL4459122.pdbqt,SUCCESS
CC1(c2ccc(C#N)cc2)NC(=O)N(CC(=O)c2ccc(F)cc2O)C1=O,CHEMBL4542398,Active,1,True,367.34,-8.746,8.746,docking/outputs/poses/dock_006_CHEMBL4542398.pdbqt,SUCCESS
CC1(c2ccc(C#N)cc2)NC(=O)N(CC(=O)c2cccc(F)c2)C1=O,CHEMBL4469493,Active,1,True,351.34,-8.403,8.403,docking/outputs/poses/dock_007_CHEMBL4469493.pdbqt,SUCCESS
CC1(c2ccc(C#N)cc2)NC(=O)N(CC(=O)c2cccc(OC(F)(F)F)c2)C1=O,CHEMBL4552550,Active,1,True,417.34,-9.429,9.429,docking/outputs/poses/dock_008_CHEMBL4552550.pdbqt,SUCCESS
CC1(c2ccc(C#N)cc2)NC(=O)N(CC(=O)c2ccccc2F)C1=O,CHEMBL4449605,Active,1,True,351.34,-8.401,8.401,docking/outputs/poses/dock_009_CHEMBL4449605.pdbqt,SUCCESS
CC1(c2ccc(C#N)cc2)NC(=O)N(CC(=O)c2cccnc2)C1=O,CHEMBL4563250,Inactive,0,True,334.34,-8.258,8.258,docking/outputs/poses/dock_010_CHEMBL4563250.pdbqt,SUCCESS
CC1(c2ccc(C#N)cc2)NC(=O)N(CC(=O)c2ccncc2)C1=O,CHEMBL4551889,Inactive,0,True,334.34,-8.504,8.504,docking/outputs/poses/dock_011_CHEMBL4551889.pdbqt,SUCCESS
CC1(c2ccc(C(=O)O)cc2)NC(=O)N(CC(=O)c2ccc(F)cc2F)C1=O,CHEMBL4529776,Inactive,0,True,388.33,-8.253,8.253,docking/outputs/poses/dock_012_CHEMBL4529776.pdbqt,SUCCESS
CC1(c2ccc(CS(C)(=O)=O)cc2)NC(=O)N(CC(=O)c2ccc(F)cc2F)C1=O,CHEMBL4456756,Active,1,True,436.44,-8.524,8.524,docking/outputs/poses/dock_013_CHEMBL4456756.pdbqt,SUCCESS
CC1(c2ccc(NS(=O)(=O)c3ccccc3)cc2)NC(=O)N(CC(=O)c2ccc(F)cc2F)C1=O,CHEMBL4567438,Active,1,True,499.5,-9.761,9.761,docking/outputs/poses/dock_014_CHEMBL4567438.pdbqt,SUCCESS
CC1(c2ccc(S(=O)(=O)N3CCOCC3)cc2)NC(=O)N(CC(=O)c2ccc(F)cc2F)C1=O,CHEMBL4592974,Inactive,0,True,493.49,-8.739,8.739,docking/outputs/poses/dock_015_CHEMBL4592974.pdbqt,SUCCESS
CC1(c2ccc(S(=O)(=O)NCC(F)(F)F)cc2)NC(=O)N(CC(=O)c2ccc(F)cc2F)C1=O,CHEMBL4514991,Inactive,0,True,505.42,-8.955,8.955,docking/outputs/poses/dock_016_CHEMBL4514991.pdbqt,SUCCESS
CC1(c2ccc(S(=O)(=O)Nc3ccccc3)cc2)NC(=O)N(CC(=O)c2ccc(F)cc2F)C1=O,CHEMBL4434826,Inactive,0,True,499.5,-9.535,9.535,docking/outputs/poses/dock_017_CHEMBL4434826.pdbqt,SUCCESS
CC1(c2ccc(S(N)(=O)=O)cc2)NC(=O)N(CC(=O)C2CC2)C1=O,CHEMBL4460878,Inactive,0,True,351.38,-8.219,8.219,docking/outputs/poses/dock_018_CHEMBL4460878.pdbqt,SUCCESS
CC1(c2ccc(S(N)(=O)=O)cc2)NC(=O)N(CC(=O)C2CCCCC2)C1=O,CHEMBL4590127,Active,1,True,393.47,-8.438,8.438,docking/outputs/poses/dock_019_CHEMBL4590127.pdbqt,SUCCESS
CC1(c2ccc(S(N)(=O)=O)cc2)NC(=O)N(CC(=O)c2ccc(C(F)(F)F)cc2)C1=O,CHEMBL4462626,Active,1,True,455.41,-9.485,9.485,docking/outputs/poses/dock_020_CHEMBL4462626.pdbqt,SUCCESS
CC1(c2ccc(S(N)(=O)=O)cc2)NC(=O)N(CC(=O)c2ccc(Cl)cc2Cl)C1=O,CHEMBL4460821,Active,1,True,456.31,-9.321,9.321,docking/outputs/poses/dock_021_CHEMBL4460821.pdbqt,SUCCESS
CC1(c2ccc(S(N)(=O)=O)cc2)NC(=O)N(CC(=O)c2ccc(Cl)s2)C1=O,CHEMBL4459602,Active,1,True,427.89,-7.98,7.98,docking/outputs/poses/dock_022_CHEMBL4459602.pdbqt,SUCCESS
CC1(c2ccc(S(N)(=O)=O)cc2)NC(=O)N(CC(=O)c2ccc(F)c(C(F)(F)F)c2)C1=O,CHEMBL4557069,Active,1,True,473.4,-9.181,9.181,docking/outputs/poses/dock_023_CHEMBL4557069.pdbqt,SUCCESS
CC1(c2ccc(S(N)(=O)=O)cc2)NC(=O)N(CC(=O)c2ccc(F)c(Cl)c2)C1=O,CHEMBL4441924,Active,1,True,439.85,-9.228,9.228,docking/outputs/poses/dock_024_CHEMBL4441924.pdbqt,SUCCESS
CC1(c2ccc(S(N)(=O)=O)cc2)NC(=O)N(CC(=O)c2ccc(F)c(F)c2)C1=O,CHEMBL4593173,Active,1,True,423.4,-8.653,8.653,docking/outputs/poses/dock_025_CHEMBL4593173.pdbqt,SUCCESS
CC1(c2ccc(S(N)(=O)=O)cc2)NC(=O)N(CC(=O)c2ccc(F)cc2)C1=O,CHEMBL4566455,Active,1,True,405.41,-8.41,8.41,docking/outputs/poses/dock_026_CHEMBL4566455.pdbqt,SUCCESS
CC1(c2ccc(S(N)(=O)=O)cc2)NC(=O)N(CC(=O)c2ccc(F)cc2F)C1=O,CHEMBL4441087,Active,1,True,423.4,-8.712,8.712,docking/outputs/poses/dock_027_CHEMBL4441087.pdbqt,SUCCESS
CC1(c2ccc(S(N)(=O)=O)cc2)NC(=O)N(CC(=O)c2ccc(F)cc2O)C1=O,CHEMBL4554896,Active,1,True,421.41,-8.632,8.632,docking/outputs/poses/dock_028_CHEMBL4554896.pdbqt,SUCCESS
CC1(c2ccc(S(N)(=O)=O)cc2)NC(=O)N(CC(=O)c2ccc3ccccc3c2)C1=O,CHEMBL4444064,Active,1,True,437.48,-9.959,9.959,docking/outputs/poses/dock_029_CHEMBL4444064.pdbqt,SUCCESS
CC1(c2ccc(S(N)(=O)=O)cc2)NC(=O)N(CC(=O)c2cccc(Br)c2)C1=O,CHEMBL4594022,Active,1,True,466.31,-8.302,8.302,docking/outputs/poses/dock_030_CHEMBL4594022.pdbqt,SUCCESS
CC1(c2ccc(S(N)(=O)=O)cc2)NC(=O)N(CC(=O)c2cccc(C(F)(F)F)c2)C1=O,CHEMBL4438645,Active,1,True,455.41,-8.755,8.755,docking/outputs/poses/dock_031_CHEMBL4438645.pdbqt,SUCCESS
CC1(c2ccc(S(N)(=O)=O)cc2)NC(=O)N(CC(=O)c2cccc(F)c2)C1=O,CHEMBL4464865,Active,1,True,405.41,-8.488,8.488,docking/outputs/poses/dock_032_CHEMBL4464865.pdbqt,SUCCESS
CC1(c2ccc(S(N)(=O)=O)cc2)NC(=O)N(CC(=O)c2cccc(OC(F)(F)F)c2)C1=O,CHEMBL4468599,Active,1,True,471.41,-8.578,8.578,docking/outputs/poses/dock_033_CHEMBL4468599.pdbqt,SUCCESS
CC1(c2ccc(S(N)(=O)=O)cc2)NC(=O)N(CC(=O)c2ccccc2)C1=O,CHEMBL4467801,Active,1,True,387.42,-8.698,8.698,docking/outputs/poses/dock_034_CHEMBL4467801.pdbqt,SUCCESS
CC1(c2ccc(S(N)(=O)=O)cc2)NC(=O)N(CC(=O)c2ccccc2C(F)(F)F)C1=O,CHEMBL4443878,Active,1,True,455.41,-8.81,8.81,docking/outputs/poses/dock_035_CHEMBL4443878.pdbqt,SUCCESS
CC1(c2ccc(S(N)(=O)=O)cc2)NC(=O)N(CC(=O)c2ccccc2F)C1=O,CHEMBL4571645,Active,1,True,405.41,-8.976,8.976,docking/outputs/poses/dock_036_CHEMBL4571645.pdbqt,SUCCESS
CC1(c2ccc(S(N)(=O)=O)cc2)NC(=O)N(CC(=O)c2ccccn2)C1=O,CHEMBL4476058,Active,1,True,388.41,-8.512,8.512,docking/outputs/poses/dock_037_CHEMBL4476058.pdbqt,SUCCESS
CC1(c2ccc(S(N)(=O)=O)cc2)NC(=O)N(CC(=O)c2cccs2)C1=O,CHEMBL4552639,Active,1,True,393.45,-8.243,8.243,docking/outputs/poses/dock_038_CHEMBL4552639.pdbqt,SUCCESS
CC1(c2ccc(S(N)(=O)=O)cc2)NC(=O)N(CC(=O)c2nc3ccccc3s2)C1=O,CHEMBL4453781,Active,1,True,444.49,-9.249,9.249,docking/outputs/poses/dock_039_CHEMBL4453781.pdbqt,SUCCESS
CC1(c2ccc(S(N)(=O)=O)cc2)NC(=O)N(CC(=O)c2ncc(F)cc2F)C1=O,CHEMBL4452592,Active,1,True,424.39,-9.01,9.01,docking/outputs/poses/dock_040_CHEMBL4452592.pdbqt,SUCCESS
CC1(c2ccc(S(N)(=O)=O)cc2)NC(=O)N(CC(=O)c2nccs2)C1=O,CHEMBL4462807,Active,1,True,394.43,-8.002,8.002,docking/outputs/poses/dock_041_CHEMBL4462807.pdbqt,SUCCESS
CC1(c2ccc3c(c2)NC(=O)CO3)NC(=O)N(CC(=O)c2ccc(F)cc2F)C1=O,CHEMBL4455316,Active,1,True,415.35,-9.155,9.155,docking/outputs/poses/dock_042_CHEMBL4455316.pdbqt,SUCCESS
CCOC(=O)NC(=O)c1ccsc1NC(=O)c1ccc(C#N)cc1,CHEMBL5171896,Inactive,0,False,343.36,-7.925,7.925,docking/outputs/poses/dock_043_CHEMBL5171896.pdbqt,SUCCESS
CCOC(=O)NC(=O)c1ccsc1NC(=O)c1ccc(C#N)cn1,CHEMBL5174140,Inactive,0,False,344.35,-8.42,8.42,docking/outputs/poses/dock_044_CHEMBL5174140.pdbqt,SUCCESS
CCOC(=O)NC(=O)c1ccsc1NC(=O)c1ccc(C(=O)N2CCCCC2)c(F)c1,CHEMBL4858566,Active,1,False,447.49,-9.144,9.144,docking/outputs/poses/dock_045_CHEMBL4858566.pdbqt,SUCCESS
CCOC(=O)NC(=O)c1ccsc1NC(=O)c1ccc(C(=O)N2CCCCC2)cc1,CHEMBL4873922,Active,1,False,429.5,-8.487,8.487,docking/outputs/poses/dock_046_CHEMBL4873922.pdbqt,SUCCESS
CCOC(=O)NC(=O)c1ccsc1NC(=O)c1ccc(C(=O)N2CCCCC2)s1,CHEMBL4877637,Active,1,False,435.53,-8.1,8.1,docking/outputs/poses/dock_047_CHEMBL4877637.pdbqt,SUCCESS
CCOC(=O)NC(=O)c1ccsc1NC(=O)c1ccc(C(C)=O)cc1,CHEMBL5184622,Inactive,0,False,360.39,-8.132,8.132,docking/outputs/poses/dock_048_CHEMBL5184622.pdbqt,SUCCESS
CCOC(=O)NC(=O)c1ccsc1NC(=O)c1ccn2cnnc2c1,CHEMBL4475286,Active,1,False,359.37,-8.849,8.849,docking/outputs/poses/dock_049_CHEMBL4475286.pdbqt,SUCCESS
CCOC(=O)NC(=O)c1ccsc1NC(=O)c1nc2ccccc2s1,CHEMBL3262462,Active,1,False,375.43,-8.254,8.254,docking/outputs/poses/dock_050_CHEMBL3262462.pdbqt,SUCCESS
CCOC(=O)NC(=O)c1ccsc1NC(=O)c1nc2cnccc2s1,CHEMBL4447540,Active,1,False,376.42,-8.52,8.52,docking/outputs/poses/dock_051_CHEMBL4447540.pdbqt,SUCCESS
CCOc1ccc(CNc2nc3cc(C(F)(F)F)ccc3nc2C(=O)O)cc1,CHEMBL4453294,Active,1,False,391.35,-8.824,8.824,docking/outputs/poses/dock_052_CHEMBL4453294.pdbqt,SUCCESS
CCc1nc2cc(Cl)ccn2c1C(=O)NCc1ccc(N2CCN(c3ccc(F)cc3)CC2)cc1,CHEMBL3109797,Inactive,0,False,492.0,-9.504,9.504,docking/outputs/poses/dock_053_CHEMBL3109797.pdbqt,SUCCESS
CNC(=O)/C=C/c1cc(C(F)(F)F)cc2c(=O)nc(N3CCN(CC4CCCCC4)CC3)sc12,CHEMBL4740005,Active,1,False,494.58,-8.815,8.815,docking/outputs/poses/dock_054_CHEMBL4740005.pdbqt,SUCCESS
CNS(=O)(=O)c1ccc(C2(C)NC(=O)N(CC(=O)c3ccc(F)cc3F)C2=O)cc1,CHEMBL4445241,Active,1,True,437.42,-8.759,8.759,docking/outputs/poses/dock_055_CHEMBL4445241.pdbqt,SUCCESS
COC(=O)C#Cc1cc(C(F)(F)F)cc2c(=O)nc(N3CCN(CC4CCCCC4)CC3)sc12,CHEMBL4752208,Active,1,False,493.55,-9.465,9.465,docking/outputs/poses/dock_056_CHEMBL4752208.pdbqt,SUCCESS
COC(=O)NC(=O)c1ccsc1NC(=O)c1ccc(C(=O)N2CCCCC2)c(F)c1,CHEMBL4848357,Active,1,False,433.46,-9.018,9.018,docking/outputs/poses/dock_057_CHEMBL4848357.pdbqt,SUCCESS
COC(=O)NC(=O)c1ccsc1NC(=O)c1ccc(C(=O)N2CCCCC2)cc1,CHEMBL4865471,Active,1,False,415.47,-8.768,8.768,docking/outputs/poses/dock_058_CHEMBL4865471.pdbqt,SUCCESS
COC(=O)NC(=O)c1ccsc1NC(=O)c1ccc(S(=O)(=O)N2CCCCC2)cc1,CHEMBL5185220,Active,1,False,451.53,-8.858,8.858,docking/outputs/poses/dock_059_CHEMBL5185220.pdbqt,SUCCESS
COC(=O)c1ccc(C2(C)NC(=O)N(CC(=O)c3ccc(F)cc3F)C2=O)cc1,CHEMBL4557558,Active,1,True,402.35,-8.677,8.677,docking/outputs/poses/dock_060_CHEMBL4557558.pdbqt,SUCCESS
COc1ccc(C(=O)CN2C(=O)NC(C)(c3ccc(S(N)(=O)=O)cc3)C2=O)cc1,CHEMBL4471399,Active,1,True,417.44,-8.47,8.47,docking/outputs/poses/dock_061_CHEMBL4471399.pdbqt,SUCCESS
COc1ccc(CNc2nc3cc(C(F)(F)F)ccc3nc2C(=O)O)cc1,CHEMBL1976041,Active,1,False,377.32,-8.888,8.888,docking/outputs/poses/dock_062_CHEMBL1976041.pdbqt,SUCCESS
COc1ccc(CNc2nc3cc(C(F)(F)F)ccc3nc2C(=O)O)cc1F,CHEMBL4444439,Active,1,False,395.31,-9.086,9.086,docking/outputs/poses/dock_063_CHEMBL4444439.pdbqt,SUCCESS
COc1cccc(C(=O)CN2C(=O)NC(C)(c3ccc(S(N)(=O)=O)cc3)C2=O)c1,CHEMBL4515427,Active,1,True,417.44,-8.282,8.282,docking/outputs/poses/dock_064_CHEMBL4515427.pdbqt,SUCCESS
C[C@H]1COC2(CCN(c3nc(=O)c4cc(C(F)(F)F)cc(NC(=O)C(C)(C)Br)c4s3)CC2)O1,CHEMBL6134588,Inactive,0,False,550.4,-8.437,8.437,docking/outputs/poses/dock_065_CHEMBL6134588.pdbqt,SUCCESS
C[C@]1(c2ccc(S(N)(=O)=O)cc2)NC(=O)N(CC(=O)c2ccc(F)cc2F)C1=O,CHEMBL4439876,Active,1,True,423.4,-8.697,8.697,docking/outputs/poses/dock_066_CHEMBL4439876.pdbqt,SUCCESS
Cc1c(CCC(=O)N2CCCC2)c(=O)n2c([nH]c3ccccc32)c1C#N,CHEMBL4437244,Active,1,False,348.41,-9.232,9.232,docking/outputs/poses/dock_067_CHEMBL4437244.pdbqt,SUCCESS
Cc1ccc(C(=O)CN2C(=O)NC(C)(c3ccc(S(N)(=O)=O)cc3)C2=O)cc1,CHEMBL4467330,Active,1,True,401.44,-8.754,8.754,docking/outputs/poses/dock_068_CHEMBL4467330.pdbqt,SUCCESS
Cc1cccc(C(=O)CN2C(=O)NC(C)(c3ccc(C#N)cc3)C2=O)c1,CHEMBL4550592,Active,1,True,347.37,-8.775,8.775,docking/outputs/poses/dock_069_CHEMBL4550592.pdbqt,SUCCESS
Cc1cccc(C(=O)CN2C(=O)NC(C)(c3ccc(S(N)(=O)=O)cc3)C2=O)c1,CHEMBL4454189,Active,1,True,401.44,-8.31,8.31,docking/outputs/poses/dock_070_CHEMBL4454189.pdbqt,SUCCESS
Cc1ccccc1C(=O)CN1C(=O)NC(C)(c2ccc(C#N)cc2)C1=O,CHEMBL4514109,Active,1,True,347.37,-8.435,8.435,docking/outputs/poses/dock_071_CHEMBL4514109.pdbqt,SUCCESS
Cc1ccccc1C(=O)CN1C(=O)NC(C)(c2ccc(S(N)(=O)=O)cc2)C1=O,CHEMBL4471280,Active,1,True,401.44,-9.003,9.003,docking/outputs/poses/dock_072_CHEMBL4471280.pdbqt,SUCCESS
Cc1ccnc(NC(=O)c2ccsc2NC(=O)c2ccn3cnnc3c2)n1,CHEMBL4453252,Active,1,False,379.41,-9.289,9.289,docking/outputs/poses/dock_073_CHEMBL4453252.pdbqt,SUCCESS
N#CCCc1cc(C(F)(F)F)cc2c(=O)nc(N3CCN(CC4CCCCC4)CC3)sc12,CHEMBL4749411,Inactive,0,False,464.56,-9.797,9.797,docking/outputs/poses/dock_074_CHEMBL4749411.pdbqt,SUCCESS
N#Cc1ccc(C(=O)Nc2sccc2C(=O)NC(=O)OCC2CC2)cc1,CHEMBL5204853,Inactive,0,False,369.4,-8.454,8.454,docking/outputs/poses/dock_075_CHEMBL5204853.pdbqt,SUCCESS
N#Cc1ccc(C(=O)Nc2sccc2C(=O)NC(=O)OCC2CC2)nc1,CHEMBL5172070,Inactive,0,False,370.39,-8.594,8.594,docking/outputs/poses/dock_076_CHEMBL5172070.pdbqt,SUCCESS
N#Cc1ccc(CNc2nc3cc(C(F)(F)F)ccc3nc2C(=O)O)cc1,CHEMBL4569953,Active,1,False,372.31,-9.249,9.249,docking/outputs/poses/dock_077_CHEMBL4569953.pdbqt,SUCCESS
N#Cc1ncc2c(=O)nc(N3CCN(CC4CCCCC4)CC3)sc2n1,CHEMBL4781643,Inactive,0,False,370.48,-8.63,8.63,docking/outputs/poses/dock_078_CHEMBL4781643.pdbqt,SUCCESS
NC(=O)/C=C/c1cc(C(F)(F)F)cc2c(=O)nc(N3CCN(CC4CCCCC4)CC3)sc12,CHEMBL4763381,Active,1,False,480.56,-10.085,10.085,docking/outputs/poses/dock_079_CHEMBL4763381.pdbqt,SUCCESS
NC(=O)CCc1cc(C(F)(F)F)cc2c(=O)nc(N3CCN(CC4CCCCC4)CC3)sc12,CHEMBL4760909,Inactive,0,False,482.57,-10.643,10.643,docking/outputs/poses/dock_080_CHEMBL4760909.pdbqt,SUCCESS
O=C(NC(=O)c1ccsc1NC(=O)c1nc2ccccc2s1)OC1CCC1,CHEMBL5205539,Inactive,0,False,401.47,-9.116,9.116,docking/outputs/poses/dock_081_CHEMBL5205539.pdbqt,SUCCESS
O=C(NC(=O)c1ccsc1NC(=O)c1nc2ccccc2s1)OCC1CC1,CHEMBL5180878,Active,1,False,401.47,-8.704,8.704,docking/outputs/poses/dock_082_CHEMBL5180878.pdbqt,SUCCESS
O=C(NC(=O)c1ccsc1NC(=O)c1nc2ccccc2s1)OCC1CCC1,CHEMBL5197700,Active,1,False,415.5,-8.331,8.331,docking/outputs/poses/dock_083_CHEMBL5197700.pdbqt,SUCCESS
O=C(NC(=O)c1ccsc1NC(=O)c1nc2ccccc2s1)OCC1CCCC1,CHEMBL5205192,Inactive,0,False,429.52,-9.015,9.015,docking/outputs/poses/dock_084_CHEMBL5205192.pdbqt,SUCCESS
O=C(NC(=O)c1ccsc1NC(=O)c1nc2ccccc2s1)OCC1CCCCC1,CHEMBL5172812,Inactive,0,False,443.55,-9.49,9.49,docking/outputs/poses/dock_085_CHEMBL5172812.pdbqt,SUCCESS
O=C(Nc1sccc1C(=O)Nc1nccc(C(F)(F)F)n1)c1ccc(C(=O)N2CCCCC2)cc1,CHEMBL4857182,Active,1,False,503.51,-10.079,10.079,docking/outputs/poses/dock_086_CHEMBL4857182.pdbqt,SUCCESS
O=C(Nc1sccc1C(=O)Nc1ncccn1)c1nc2cnccc2s1,CHEMBL4574762,Inactive,0,False,382.43,-8.296,8.296,docking/outputs/poses/dock_087_CHEMBL4574762.pdbqt,SUCCESS
O=C(O)c1nc2ccc(C(F)(F)F)cc2nc1NCc1ccc(C(F)(F)F)cc1,CHEMBL4576609,Active,1,False,415.29,-9.478,9.478,docking/outputs/poses/dock_088_CHEMBL4576609.pdbqt,SUCCESS
O=C(O)c1nc2ccc(C(F)(F)F)cc2nc1NCc1ccc(Cl)cc1,CHEMBL4591732,Active,1,False,381.74,-9.086,9.086,docking/outputs/poses/dock_089_CHEMBL4591732.pdbqt,SUCCESS
O=C(O)c1nc2ccc(C(F)(F)F)cc2nc1NCc1ccc(F)cc1,CHEMBL1973996,Active,1,False,365.29,-9.166,9.166,docking/outputs/poses/dock_090_CHEMBL1973996.pdbqt,SUCCESS
O=c1nc(N2CCN(CC3CCCCC3)CC2)sc2c(Cl)cc(C(F)(F)F)cc12,CHEMBL4798070,Active,1,False,445.94,-9.176,9.176,docking/outputs/poses/dock_091_CHEMBL4798070.pdbqt,SUCCESS
O=c1nc(N2CCN(CC3CCCCC3)CC2)sc2nc(Cl)ncc12,CHEMBL4756702,Inactive,0,False,379.92,-8.638,8.638,docking/outputs/poses/dock_092_CHEMBL4756702.pdbqt,SUCCESS
