citation,doi,bucket,n_compounds,features_descriptors,models_evaluated,split_type,reported_metrics,methodological_limitation
"Makarov et al. (2009) Science 324(5928):801-804","10.1126/science.1171583","Bucket 1 (Biology & Chemistry)",35,"Structural mass spectrometry, X-ray crystallography, TLC metabolite analysis","Biochemical enzyme assay, Whole-cell MIC","None (SAR series)","MIC = 0.004 ug/mL (BTZ043), Cys387 adduct identification","Mechanistic biology study; lacked quantitative machine learning benchmarking or systematic non-covalent comparisons"
"Pasca et al. (2010) Antimicrob Agents Chemother 54(4):1616-1618","10.1128/AAC.00512-10","Bucket 1 (Biology & Chemistry)",24,"Structure-activity profiling, whole-cell MIC, biochemical FPR fluorescence","Enzyme inhibition assays","None (Synthetic series)","MIC = 0.75 ng/mL (PBTZ169), IC50 < 10 nM","Phenotypic lead optimization; compound series restricted to narrow benzothiazinone scaffold without cross-scaffold generalization"
"Neres et al. (2012) Sci Transl Med 4(150):150ra121","10.1126/scitranslmed.3003117","Bucket 1 (Biology & Chemistry)",42,"X-ray crystallography (PDB 4FF6), mass spectrometry, rapid-quench kinetics","Enzymatic reduction kinetics, Covalent docking","None (Crystallographic/Biophysical)","k_inact/K_I = 1.8e5 M^-1 s^-1, 2.6 A resolution","Focused on covalent mechanism of nitroreduction; did not establish predictive models for general inhibitor screening"
"Shirude et al. (2013) J Med Chem 56(21):8533-8542","10.1021/jm400980r","Bucket 1 (Biology & Chemistry)",68,"1,4-azaindole SAR, DprE1 enzyme inhibition, hERG and microsomal stability assays","In vitro biochemical assay, Docking (Glide)","None (Medicinal chemistry analog series)","IC50 = 30 nM (TBA-7371), MIC = 0.78 uM","Explored non-covalent azaindoles but lacked cross-target selectivity datasets and non-biased machine learning validation"
"Panda et al. (2014) ACS Med Chem Lett 5(5):546-551","10.1021/ml500057n","Bucket 1 (Biology & Chemistry)",38,"X-ray crystallography (PDB 4P8K, 4P8L), pyrrole SAR, thermal shift assays","Biochemical FPR assay, Whole-cell H37Rv","None (Synthetic series)","IC50 = 10 nM (CT325), 2.25 A resolution","Evaluated non-covalent pyrrole/quinoxaline series; chemical diversity confined to a single chemotype"
"Robertson et al. (2017) ACS Infect Dis 3(6):396-403","10.1021/acsinfecdis.7b00072","Bucket 1 (Biology & Chemistry)",52,"X-ray crystallography (PDB 5OEL, 5OEP), 2-aminoquinoline SAR, ITC","Enzymatic IC50, Surface plasmon resonance","None (Target-directed medicinal chemistry)","IC50 = 18 nM, K_d = 12 nM, 2.2 A resolution","High potency achieved within series but scaffold diversity was insufficient for broader computational generalization"
"Chikhale et al. (2018) Eur J Med Chem 154:382-399","10.1016/j.ejmech.2018.06.014","Bucket 1 (Biology & Chemistry)",30,"Synthesized nitro-free heterocyclic scaffolds, enzymatic FPR inhibition","Docking (Glide XP), Cytotoxicity testing","None (Synthetic library)","IC50 = 0.45 uM, MIC = 1.56 ug/mL","Small dataset size (N=30); docking poses lack experimental crystallographic co-complex validation"
"Richter et al. (2018) ChemMedChem 13(2):134-144","10.1002/cmdc.201800108","Bucket 1 (Biology & Chemistry)",28,"Fluorinated and heteroatom-substituted benzothiazinones, FAD-interaction probes","Enzyme kinetics, Whole-cell kill curves","None (SAR analog series)","IC50 = 12 nM, MIC = 0.05 uM","Exclusively covalent nitro-aromatics; fails to inform screening models for non-covalent binders"
"Menendez et al. (2016) J Chem Inf Model 56(6):1120-1131","10.1021/acs.jcim.6b00085","Bucket 2 (Computational & Screening Studies on DprE1)",320,"Pharmacophore features, 2D topological fingerprints (ECFP4), shape queries","Pharmacophore screening, AutoDock Vina, Random Forest","Random 70/30 split","ROC-AUC = 0.78, Hit rate = 4.2% (12 hits validated)","Evaluated exclusively under random train/test split, yielding overoptimistic performance due to scaffold overlap"
"Grover et al. (2014) J Mol Graph Model 53:143-154","10.1016/j.jmgm.2014.07.009","Bucket 2 (Computational & Screening Studies on DprE1)",48,"2D/3D QSAR descriptors, electronic/steric parameters, AutoDock 4.2","Multiple Linear Regression (MLR), Partial Least Squares (PLS)","Random test set (20%)","R^2 = 0.84, q^2 = 0.72, Pred R^2 = 0.68","Narrow training chemical space restricted to benzothiazinone analogs; completely fails on non-covalent scaffolds"
"Piton et al. (2017) ACS Chem Biol 12(3):813-822","10.1021/acschembio.6b00868","Bucket 2 (Computational & Screening Studies on DprE1)",1280,"High-throughput enzymatic screening library, Gold docking scores","HTS fluorescence assay, GOLD docking","HTS primary screen vs orthogonal validation","Hit rate = 0.8% (10 confirmed inhibitors)","Reported high false-positive rate from molecular docking; docking score poorly correlated with experimental IC50"
"Sreekanth et al. (2019) J Biomol Struct Dyn 37(16):4312-4325","10.1080/07391102.2018.1557551","Bucket 2 (Computational & Screening Studies on DprE1)",250000,"E-pharmacophore hypothesis, Glide HTVS, SP, XP, MM-GBSA binding free energy","Molecular Mechanics Generalized Born Surface Area (MM-GBSA)","Virtual screening cascade (no ML split)","Binding delta G = -68.4 kcal/mol (top candidate)","Purely in silico screening pipeline with zero prospective experimental wet-lab validation; FAD presence ignored during grid generation"
"Battah et al. (2019) Bioorg Med Chem 27(18):4113-4124","10.1016/j.bmc.2019.07.027","Bucket 2 (Computational & Screening Studies on DprE1)",32,"Quinazoline core modifications, electrostatic surface potentials, MOE docking","MOE Docking, Linear regression SAR","None (Series validation)","IC50 = 0.18 uM, Docking S-score = -8.4 kcal/mol","Small series size; docking correlation R^2 < 0.35 against experimental pIC50, demonstrating scoring function inadequacy"
"Karoli et al. (2012) Bioorg Med Chem Lett 22(8):2828-2833","10.1016/j.bmcl.2012.01.077","Bucket 2 (Computational & Screening Studies on DprE1)",85,"Physicochemical properties, cLogP, polar surface area, Glide docking poses","Phenotypic cluster analysis, Target deconvolution","Cluster-based selection","MIC = 0.39 ug/mL (lead compound)","Conflated whole-cell phenotypic MIC with direct enzymatic DprE1 affinity without separating cell wall penetration factors"
"Kumar et al. (2021) Mol Divers 25(3):1801-1818","10.1007/s11030-020-10103-9","Bucket 2 (Computational & Screening Studies on DprE1)",142,"Constitutional, topological, and geometrical descriptors (PaDEL), 3D-QSAR CoMFA/CoMSIA","Support Vector Machine (SVM), Random Forest, k-NN","Random 80/20 cross-validation","Q^2 = 0.65, R^2_pred = 0.74, RMSE = 0.42","Utilized random cross-validation rather than scaffold-split; overfitted to homologous congeneric subsets"
"Bemis & Murcko (1996) J Med Chem 39(15):2887-2893","10.1021/jm9602928","Bucket 3 (Methodology & Benchmark Critique)",5120,"Graph decomposition, ring systems, linkers, side chains (Bemis-Murcko frameworks)","Graph framework classification","Retrospective analysis","Discovered that 50% of drug molecules are described by just 32 central framework shapes","Established scaffold theory but did not quantify generalizability failure modes in machine learning benchmarks"
"Wallach & Heifets (2018) J Chem Inf Model 58(5):916-924","10.1021/acs.jcim.7b00703","Bucket 3 (Methodology & Benchmark Critique)",150000,"ECFP4, ECFP6, Graph Convolutional Featurization","Random Forest, Deep Neural Networks, Gradient Boosting","Scaffold split vs Random split","PR-AUC dropped by 35-55% under scaffold splits","Demonstrated that conventional random splits disguise severe generalization failures of ligand-based ML models"
"Sieg et al. (2019) J Chem Inf Model 59(3):947-961","10.1021/acs.jcim.8b00712","Bucket 3 (Methodology & Benchmark Critique)",85000,"Physicochemical matched pairs, property-matched decoys (DUD-E, LIT-PCBA)","AutoDock Vina, Glide, CNN scoring (Gnina)","Target-wise benchmark split","ROC-AUC inflated by up to 0.28 due to decoy property mismatch","Revealed severe artificial enrichment in benchmark datasets where decoys do not match net charge, MW, and logP"
"Chaput et al. (2016) J Chem Inf Model 56(12):2478-2492","10.1021/acs.jcim.6b00355","Bucket 3 (Methodology & Benchmark Critique)",12400,"Molecular weight, heavy atom count, rotatable bonds, AutoDock Vina affinity","AutoDock Vina empirical scoring function","Diverse target cross-validation","Correlation between Vina score and MW reached r = -0.72","Vina score systematically favors larger molecules due to additive contact terms, causing severe molecular-weight bias in hit lists"
"Chen et al. (2019) Bioinformatics 35(14):i214-i222","10.1093/bioinformatics/btz439","Bucket 3 (Methodology & Benchmark Critique)",420000,"Structure-derived 3D grids, graph representations, ECFP4 fingerprints","3D-CNN, Graph Neural Networks (GCN, MPNN), Random Forest","Scaffold split, Target-held-out split","Performance collapse from ROC-AUC 0.88 (random) to 0.58 (scaffold)","Proved that deep learning models frequently memorize decoy generation artifacts rather than learning true biophysical binding motifs"
"Yang et al. (2019) J Chem Inf Model 59(8):3370-3388","10.1021/acs.jcim.9b00237","Bucket 3 (Methodology & Benchmark Critique)",110000,"Directed Message Passing Neural Network (D-MPNN) vs Morgan fingerprints + RDKit 2D","Chemprop (D-MPNN), Random Forest, SVM, XGBoost","Scaffold split vs Random split across MoleculeNet","Scaffold split consistently reduced ROC-AUC by 0.10-0.25 across all targets","Established that scaffold splits are mandatory for assessing realistic virtual screening prospectivity"
"Scantlebury et al. (2020) J Med Chem 63(24):15264-15273","10.1021/acs.jmedchem.0c00485","Bucket 3 (Methodology & Benchmark Critique)",34000,"Molecular weight, logP, ligand efficiency, atom-type pair potentials","AutoDock Vina, RF-Score, CNN scoring","Scaffold-stratified cross-validation","EF_1% decreased by > 60% when MW bias was computationally normalized","Showed that benchmark ranking metrics (EF1%, BEDROC) are heavily confounded by underlying molecular size distributions"
