canonical_smiles,molecule_chembl_ids,median_pic50,median_nm,relation_summary,label,murcko_scaffold,n_measurements
C/C=C/c1occ(C(=O)c2c(OC)cc(OC)cc2C(=O)OC)c(=O)c1OC,CHEMBL3593571,4.301,50000.0,=,Inactive,O=C(c1ccccc1)c1coccc1=O,1
CC(/C=C/CCC(=O)N1CCCC1=O)=C\C1CCCCO1,CHEMBL3127729,3.699,200000.0,>,Inactive,O=C(CCC=CC=CC1CCCCO1)N1CCCC1=O,1
CCCCC(=O)/C=C(C)/C=C/CCC(=O)N1CCCC1=O,CHEMBL3127728,3.699,200000.0,>,Inactive,O=C1CCCN1,1
CCCCCCCC/C=C\CCCCCCCC(=O)Oc1cccc2c1C(=O)C=CC2=O,CHEMBL1917198,5.0757,8400.0,=,Gray Zone,O=C1C=CC(=O)c2ccccc21,1
CCCCCCCCCCCC(=O)Oc1cccc2c1C(=O)C=CC2=O,CHEMBL1917196,5.1612,6900.0,=,Gray Zone,O=C1C=CC(=O)c2ccccc21,1
CCCCOc1c(-c2ccc(O)c(O)c2)oc2cc(O)cc(O)c2c1=O,CHEMBL3326854,4.2048,62400.0,=,Inactive,O=c1cc(-c2ccccc2)oc2ccccc12,1
CCCC[C@@H](O)/C=C(C)/C=C/C=C/C(=O)N1CCCC1=O,CHEMBL486174,3.699,200000.0,>,Inactive,O=C1CCCN1,1
CCCC[C@@H](O)/C=C(C)/C=C/C=C\C(=O)N1CCCC1=O,CHEMBL3127730,3.699,200000.0,>,Inactive,O=C1CCCN1,1
CCCCc1c(-c2ccc(O)c(O)c2)oc2cc(O)cc(O)c2c1=O,CHEMBL594248,4.0,100000.0,>,Inactive,O=c1cc(-c2ccccc2)oc2ccccc12,1
CCCc1c(-c2ccc(O)c(O)c2)oc2cc(O)cc(O)c2c1=O,CHEMBL5271510,4.06,87100.0,=,Inactive,O=c1cc(-c2ccccc2)oc2ccccc12,1
CCOc1c(-c2ccc(O)c(O)c2)oc2cc(O)cc(O)c2c1=O,CHEMBL3326852,4.475,33500.0,=,Inactive,O=c1cc(-c2ccccc2)oc2ccccc12,1
CCOc1nc2cccc(C(=O)OC(C)OC(=O)OC3CCCCC3)c2n1Cc1ccc(-c2ccccc2-c2nn[nH]n2)cc1,CHEMBL1014,4.9508,11200.0,=,Inactive,O=C(OCOC(=O)c1cccc2ncn(Cc3ccc(-c4ccccc4-c4nn[nH]n4)cc3)c12)OC1CCCCC1,1
CC[C@H](C)[C@H](NC(=O)[C@H](Cc1ccc(O)cc1)NC(=O)OC(C)(C)C)C(=O)Nc1cccc2ccccc12,CHEMBL3142662,3.699,200000.0,>,Inactive,O=C(CCc1ccccc1)NCC(=O)Nc1cccc2ccccc12,1
COc1c(-c2ccc(O)c(O)c2)oc2cc(O)cc(O)c2c1=O,CHEMBL163316,4.9666,10800.0,=,Inactive,O=c1cc(-c2ccccc2)oc2ccccc12,1
COc1c(-c2ccc(O)cc2)oc2cc(O)cc(O)c2c1=O,CHEMBL165064,4.7932,16100.0,=,Inactive,O=c1cc(-c2ccccc2)oc2ccccc12,1
COc1cc(O)c2c(=O)cc(-c3ccc4c(c3)OC(F)(F)O4)oc2c1,CHEMBL5409887,4.0,100000.0,>,Inactive,O=c1cc(-c2ccc3c(c2)OCO3)oc2ccccc12,1
COc1cc(O)cc2oc(-c3ccc(O)c(O)c3)cc(=O)c12,CHEMBL1277701,4.9914,10200.0,=,Inactive,O=c1cc(-c2ccccc2)oc2ccccc12,1
COc1ccc(-c2cc(=O)c3c(OC)c(OC)c(OC)cc3o2)cc1OC,CHEMBL226507,4.0,100000.0,>,Inactive,O=c1cc(-c2ccccc2)oc2ccccc12,1
COc1cccc2oc(-c3ccc(O)cc3C)cc(=O)c12,CHEMBL5440374,4.0074,98300.0,=,Inactive,O=c1cc(-c2ccccc2)oc2ccccc12,1
COc1cccc2oc(-c3ccccc3C(F)(F)F)cc(=O)c12,CHEMBL5419567,4.0,100000.0,>,Inactive,O=c1cc(-c2ccccc2)oc2ccccc12,1
COc1cccc2oc(-c3ccccc3C)cc(=O)c12,CHEMBL5403947,4.0,100000.0,>,Inactive,O=c1cc(-c2ccccc2)oc2ccccc12,1
COc1cccc2oc(-c3ccccc3F)cc(=O)c12,CHEMBL5411625,4.0,100000.0,>,Inactive,O=c1cc(-c2ccccc2)oc2ccccc12,1
Cc1c(-c2ccc(O)c(O)c2)oc2cc(O)cc(O)c2c1=O,CHEMBL5280903,4.0726,84600.0,=,Inactive,O=c1cc(-c2ccccc2)oc2ccccc12,1
O=C(Nc1ccc(O)c(O)c1)c1cc(=O)c2c(O)cccc2o1,CHEMBL5279962,4.5768,26500.0,=,Inactive,O=C(Nc1ccccc1)c1cc(=O)c2ccccc2o1,1
O=C(O)C1=CC(=C(c2ccc(O)c(C(=O)O)c2)c2ccc(O)c(C(=O)O)c2)C=CC1=O,CHEMBL275938,7.1249,75.0,=,Active,O=C1C=CC(=C(c2ccccc2)c2ccccc2)C=C1,2
O=C(O)CCc1cc(=O)c2c(O)cc(O)cc2o1,CHEMBL5418637,4.0,100000.0,>,Inactive,O=c1ccoc2ccccc12,1
O=C(O)c1cc(-c2cc(=O)c3c(O)cc(O)cc3o2)ccc1O,CHEMBL5398631,5.1135,7700.0,=,Gray Zone,O=c1cc(-c2ccccc2)oc2ccccc12,1
O=C1NC(=S)NC(=O)C1=Cc1cn(C(=O)c2ccc3ccccc3c2)c2ccc(Cl)cc12,CHEMBL4584525,4.7959,16000.0,=,Inactive,O=C1NC(=S)NC(=O)C1=Cc1cn(C(=O)c2ccc3ccccc3c2)c2ccccc12,1
O=C1NC(=S)NC(=O)C1=Cc1cn(Cc2ccc3ccccc3c2)c2ccc(Cl)cc12,CHEMBL5433463,5.0969,8000.0,=,Gray Zone,O=C1NC(=S)NC(=O)C1=Cc1cn(Cc2ccc3ccccc3c2)c2ccccc12,1
O=c1c(-c2ccc(O)cc2)coc2cc(O)cc(O)c12,CHEMBL44,4.0343,92400.0,=,Inactive,O=c1c(-c2ccccc2)coc2ccccc12,1
O=c1c(O)c(-c2ccc(O)c(O)c2)oc2cc(O)cc(O)c12,CHEMBL50,4.8013,15800.0,=,Inactive,O=c1cc(-c2ccccc2)oc2ccccc12,1
O=c1c(O)c(-c2ccc(O)cc2)oc2cc(O)cc(O)c12,CHEMBL150,4.8962,12700.0,=,Inactive,O=c1cc(-c2ccccc2)oc2ccccc12,1
O=c1c(OCCCO)c(-c2ccc(O)c(O)c2)oc2cc(O)cc(O)c12,CHEMBL5272459,4.8327,14700.0,=,Inactive,O=c1cc(-c2ccccc2)oc2ccccc12,1
O=c1c(OCCO)c(-c2ccc(O)c(O)c2)oc2cc(O)cc(O)c12,CHEMBL5284680,4.058,87500.0,=,Inactive,O=c1cc(-c2ccccc2)oc2ccccc12,1
O=c1cc(-c2ccc(O)c(O)c2)oc2cc(F)cc(O)c12,CHEMBL5418159,4.8601,13800.0,=,Inactive,O=c1cc(-c2ccccc2)oc2ccccc12,1
O=c1cc(-c2ccc(O)c(O)c2)oc2cc(O)cc(O)c12,CHEMBL151,4.8962,12700.0,=,Inactive,O=c1cc(-c2ccccc2)oc2ccccc12,1
O=c1cc(-c2ccc(O)c(O)c2)oc2cc(O)ccc12,CHEMBL301624,4.5686,27000.0,=,Inactive,O=c1cc(-c2ccccc2)oc2ccccc12,1
O=c1cc(-c2ccc(O)c(O)c2)oc2cccc(O)c12,CHEMBL243677,5.0605,8700.0,=,Gray Zone,O=c1cc(-c2ccccc2)oc2ccccc12,1
O=c1cc(-c2ccc(O)c(O)c2)oc2ccccc12,CHEMBL222556,4.5157,30500.0,=,Inactive,O=c1cc(-c2ccccc2)oc2ccccc12,1
O=c1cc(-c2ccc(O)cc2)oc2cc(O)cc(O)c12,CHEMBL28,4.6536,22200.0,=,Inactive,O=c1cc(-c2ccccc2)oc2ccccc12,1
O=c1cc(-c2ccc3c(c2)OC(F)(F)O3)oc2cc(O)cc(O)c12,CHEMBL5435484,4.0,100000.0,>,Inactive,O=c1cc(-c2ccc3c(c2)OCO3)oc2ccccc12,1
O=c1cc(-c2cccc(O)c2)oc2cc(O)cc(O)c12,CHEMBL457821,5.301,5000.0,=,Gray Zone,O=c1cc(-c2ccccc2)oc2ccccc12,1
O=c1cc(-c2ccccc2)oc2cc(O)c(O)c(O)c12,CHEMBL8260,4.9281,11800.0,=,Inactive,O=c1cc(-c2ccccc2)oc2ccccc12,1
O=c1cc(-c2ccccc2)oc2cc(O)cc(O)c12,CHEMBL117,4.8297,14800.0,=,Inactive,O=c1cc(-c2ccccc2)oc2ccccc12,1
O=c1cc(/C=C/c2ccc(O)c(O)c2)oc2cccc(O)c12,CHEMBL228623,4.0,100000.0,>,Inactive,O=c1cc(C=Cc2ccccc2)oc2ccccc12,1
O=c1cc(CCc2ccc(O)c(O)c2)oc2cccc(O)c12,CHEMBL5284676,4.0,100000.0,>,Inactive,O=c1cc(CCc2ccccc2)oc2ccccc12,1
O=c1cc(Cc2ccc(O)c(O)c2)oc2cccc(O)c12,CHEMBL5281399,4.0,100000.0,>,Inactive,O=c1cc(Cc2ccccc2)oc2ccccc12,1
O=c1oc2c(O)c(O)cc3c(=O)oc4c(O)c(O)cc1c4c23,CHEMBL6246,7.2076,62.0,=,Active,O=c1oc2cccc3c(=O)oc4cccc1c4c23,2
