pdb_id,resolution,release_date,ligand_id,ligand_name,is_covalent_cys387,fad_present
21GQ,2.68,2026-09-02,NAI; A1E2K,"1,4-DIHYDRONICOTINAMIDE ADENINE DINUCLEOTIDE; 4-[1-[4-[[(2~{R})-2-methyl-3~{H}-imidazo[2,1-b][1,3]oxazol-2-yl]methoxy]phenyl]piperidin-4-yl]oxyphenol",Non-Covalent,True
21GR,2.73,2026-09-02,A1L5K; NAI,"pretomanid; 1,4-DIHYDRONICOTINAMIDE ADENINE DINUCLEOTIDE",Non-Covalent,True
21GT,2.82,2026-09-02,A1L5J; NAI,"[(2~{E})-3,7-dimethylocta-2,6-dienyl] [(2~{S},3~{R},4~{S},5~{R})-5-(hydroxymethyl)-3,4-bis(oxidanyl)oxolan-2-yl] hydrogen phosphate; 1,4-DIHYDRONICOTINAMIDE ADENINE DINUCLEOTIDE",Non-Covalent,True
43FX,2.69,2026-09-02,A1L5L,quabodepistat,Non-Covalent,True
4AUT,2.1,2012-09-05,None,None,Apo,True
4CVY,2.0,2014-12-10,NO3; FE,NITRATE ION; FE (III) ION,Non-Covalent,False
4F4Q,2.619,2012-09-05,0SK,"8-(hydroxyamino)-2-[(2S)-2-methyl-1,4-dioxa-8-azaspiro[4.5]dec-8-yl]-6-(trifluoromethyl)-4H-1,3-benzothiazin-4-one",Covalent,True
4FDN,2.4,2012-07-04,0T4,3-(hydroxyamino)-N-[(1R)-1-phenylethyl]-5-(trifluoromethyl)benzamide,Covalent,True
4FDO,2.403,2012-07-04,0T5,3-nitro-N-[(1R)-1-phenylethyl]-5-(trifluoromethyl)benzamide,Covalent,True
4FDP,2.23,2012-07-04,None,None,Covalent,True
4FEH,2.035,2012-07-04,None,None,Covalent,True
4FF6,2.6,2012-07-04,0T4,3-(hydroxyamino)-N-[(1R)-1-phenylethyl]-5-(trifluoromethyl)benzamide,Covalent,True
4G3T,2.346,2012-12-05,None,None,Covalent,False
4G3U,2.689,2012-12-05,None,None,Covalent,False
4KW5,2.612,2013-07-10,1W6,"ethyl ({2-[(1,3-benzothiazol-2-ylcarbonyl)amino]thiophen-3-yl}carbonyl)carbamate",Non-Covalent,True
4NCR,1.881,2014-02-19,26J,"2-(4-(cyclohexylmethyl)piperazin-1-yl)-8-nitro-6-(trifluoromethyl)-4H-benzo[e][1,3]thiazin-4-one, bound form",Covalent,True
4P8C,1.95,2014-12-10,Y22; 2J3,6-(trifluoromethyl)-3-{[4-(trifluoromethyl)benzyl]amino}quinoxaline-2-carboxylic acid; (2R)-2-{[(2R)-2-{[(2R)-2-hydroxypropyl]oxy}propyl]oxy}propan-1-ol,Non-Covalent,True
4P8H,3.0,2015-10-28,O95,"{(4S)-2-[7-(hydroxyamino)-6-methyl-5-(trifluoromethyl)-1,3-benzothiazol-2-yl]-4,5-dihydro-1,3-oxazol-4-yl}(pyrrolidin-1-yl)methanone",Non-Covalent,True
4P8K,2.49,2014-12-10,38C,3-[(4-methoxybenzyl)amino]-6-(trifluoromethyl)quinoxaline-2-carboxylic acid,Non-Covalent,True
4P8L,2.02,2014-12-10,36C,3-[(4-fluorobenzyl)amino]-6-(trifluoromethyl)quinoxaline-2-carboxylic acid,Non-Covalent,True
4P8M,2.09,2014-12-10,R58; 2J3,3-[(4-ethoxybenzyl)amino]-6-(trifluoromethyl)quinoxaline-2-carboxylic acid; (2R)-2-{[(2R)-2-{[(2R)-2-hydroxypropyl]oxy}propyl]oxy}propan-1-ol,Non-Covalent,True
4P8N,1.79,2014-12-10,R57,3-[(3-fluoro-4-methoxybenzyl)amino]-6-(trifluoromethyl)quinoxaline-2-carboxylic acid,Non-Covalent,True
4P8P,2.2,2014-12-10,RG2; 2J3,3-[(4-chlorobenzyl)amino]-6-(trifluoromethyl)quinoxaline-2-carboxylic acid; (2R)-2-{[(2R)-2-{[(2R)-2-hydroxypropyl]oxy}propyl]oxy}propan-1-ol,Non-Covalent,True
4P8T,2.55,2014-12-10,R26; 2J3,3-[(4-cyanobenzyl)amino]-6-(trifluoromethyl)quinoxaline-2-carboxylic acid; (2R)-2-{[(2R)-2-{[(2R)-2-hydroxypropyl]oxy}propyl]oxy}propan-1-ol,Non-Covalent,True
4P8Y,2.01,2014-12-10,38C,3-[(4-methoxybenzyl)amino]-6-(trifluoromethyl)quinoxaline-2-carboxylic acid,Non-Covalent,True
4PFA,2.56,2015-10-21,N77,"7-(hydroxyamino)-N-(pyridin-3-ylmethyl)-5-(trifluoromethyl)-1,3-benzothiazole-2-carboxamide 3-oxide",Non-Covalent,True
4PFD,2.3,2015-10-21,2R2,"[4-(2-methoxyethyl)piperazin-1-yl][6-methyl-7-nitro-5-(trifluoromethyl)-1,3-benzothiazol-2-yl]methanone",Non-Covalent,True
5OEL,2.2,2018-05-16,1W6,"ethyl ({2-[(1,3-benzothiazol-2-ylcarbonyl)amino]thiophen-3-yl}carbonyl)carbamate",Non-Covalent,True
5OEP,2.35,2018-05-16,9T2,"ethyl ~{N}-[2-(1,3-benzothiazol-2-ylcarbonylamino)-5-fluoranyl-thiophen-3-yl]carbonylcarbamate",Non-Covalent,True
5OEQ,2.25,2018-05-16,P95,"~{N}-[3-(pyrimidin-2-ylcarbamoyl)thiophen-2-yl]-[1,3]thiazolo[4,5-c]pyridine-2-carboxamide",Non-Covalent,True
5W0C,2.001,2017-09-13,HEM; 9W6,"PROTOPORPHYRIN IX CONTAINING FE; ethyl {2-[([1,3]thiazolo[4,5-c]pyridine-2-carbonyl)amino]thiophene-3-carbonyl}carbamate",Non-Covalent,False
6G83,2.4,2018-08-01,EQ8,"[2-(4-cyclohexylsulfonylpiperazin-1-yl)-4-oxidanylidene-6-(trifluoromethyl)-1,3-benzothiazin-8-yl]-oxidanylidene-azanium",Non-Covalent,True
6HES,1.128,2019-08-28,G0H,4-methyl-3-[(2-pyridin-3-ylquinazolin-4-yl)amino]-~{N}-[3-(trifluoromethyl)phenyl]benzamide,Non-Covalent,False
6HEZ,2.3,2018-08-29,0SK,"8-(hydroxyamino)-2-[(2S)-2-methyl-1,4-dioxa-8-azaspiro[4.5]dec-8-yl]-6-(trifluoromethyl)-4H-1,3-benzothiazin-4-one",Non-Covalent,True
6HF0,2.384,2018-08-29,G1H,"2-[(2~{S},6~{R})-2,6-dimethylpiperidin-1-yl]-8-nitro-6-(trifluoromethyl)-1,3-benzoxazin-4-one",Non-Covalent,True
6HF3,2.2,2018-08-29,26J,"2-(4-(cyclohexylmethyl)piperazin-1-yl)-8-nitro-6-(trifluoromethyl)-4H-benzo[e][1,3]thiazin-4-one, bound form",Non-Covalent,True
6HFV,2.05,2018-09-19,G1T,"8-(oxidanylamino)-2-piperidin-1-yl-6-(trifluoromethyl)-1,3-benzothiazin-4-one",Non-Covalent,True
6HFW,2.47,2018-09-19,G1T,"8-(oxidanylamino)-2-piperidin-1-yl-6-(trifluoromethyl)-1,3-benzothiazin-4-one",Non-Covalent,True
